file	area	ncx	ncy	w	h	conf	W	H
nte_00001.jpg	0.076461	0.4988	0.6447	159.5	145.8	0.8071	854	356
nte_00002.jpg	0.073346	0.5059	0.6456	161.5	138.1	0.6050	854	356
nte_00003.jpg	0.073523	0.5070	0.6316	161.5	138.4	0.5220	854	356
nte_00003.jpg	0.000513	0.3547	0.3936	14.2	11.0	0.4932	854	356
nte_00004.jpg	0.064172	0.5086	0.6484	159.8	122.1	0.6475	854	356
nte_00005.jpg	0.066579	0.5082	0.6391	156.8	129.1	0.7578	854	356
nte_00006.jpg	0.071336	0.5059	0.6297	162.1	133.8	0.6685	854	356
nte_00006.jpg	0.000409	0.3820	0.4048	12.8	9.7	0.5786	854	356
nte_00007.jpg	0.069432	0.5055	0.6335	159.8	132.1	0.7021	854	356
nte_00007.jpg	0.000456	0.3836	0.4057	13.8	10.0	0.6060	854	356
nte_00008.jpg	0.064849	0.5016	0.6428	155.1	127.1	0.7891	854	356
nte_00008.jpg	0.000460	0.3867	0.4123	13.5	10.3	0.3511	854	356
nte_00009.jpg	0.058426	0.4977	0.6663	154.8	114.8	0.7051	854	356
nte_00010.jpg	0.059606	0.4957	0.6719	153.5	118.1	0.8193	854	356
nte_00010.jpg	0.001568	0.3633	0.4207	25.5	18.7	0.4854	854	356
nte_00011.jpg	0.057292	0.4977	0.6578	153.1	113.8	0.7563	854	356
nte_00011.jpg	0.001998	0.3260	0.4367	34.4	17.7	0.6108	854	356
nte_00011.jpg	0.000609	0.3719	0.4170	18.5	10.0	0.3296	854	356
nte_00012.jpg	0.064440	0.5078	0.6569	160.5	122.1	0.6572	854	356
nte_00012.jpg	0.000522	0.3584	0.4236	15.3	10.3	0.6436	854	356
nte_00012.jpg	0.003744	0.2229	0.4573	41.6	27.4	0.3596	854	356
nte_00012.jpg	0.008506	0.2395	0.4489	70.5	36.7	0.2683	854	356
nte_00013.jpg	0.062725	0.5055	0.6522	158.8	120.1	0.7324	854	356
nte_00013.jpg	0.001251	0.3326	0.4329	22.4	17.0	0.7017	854	356
nte_00014.jpg	0.056801	0.5051	0.6616	155.5	111.1	0.7900	854	356
nte_00014.jpg	0.001643	0.2943	0.4404	29.4	17.0	0.6572	854	356
nte_00014.jpg	0.000562	0.3184	0.4310	16.5	10.3	0.5605	854	356
nte_00014.jpg	0.000586	0.5359	0.4292	16.7	10.7	0.4019	854	356
nte_00014.jpg	0.000400	0.5211	0.4254	13.0	9.3	0.3711	854	356
nte_00015.jpg	0.057045	0.5035	0.6691	156.1	111.1	0.8257	854	356
nte_00015.jpg	0.000993	0.3203	0.4423	19.7	15.3	0.6328	854	356
nte_00015.jpg	0.002838	0.2291	0.4667	38.0	22.7	0.4895	854	356
nte_00015.jpg	0.000366	0.3531	0.4245	12.8	8.7	0.2688	854	356
nte_00016.jpg	0.055948	0.5074	0.6634	155.5	109.4	0.8140	854	356
nte_00016.jpg	0.018989	0.0713	0.5144	120.2	48.0	0.7539	854	356
nte_00016.jpg	0.001659	0.3004	0.4517	26.5	19.0	0.7139	854	356
nte_00016.jpg	0.000616	0.3227	0.4385	15.2	12.3	0.5615	854	356
nte_00016.jpg	0.000376	0.3611	0.4292	12.7	9.0	0.4387	854	356
nte_00016.jpg	0.000356	0.3285	0.4348	12.0	9.0	0.2839	854	356
nte_00016.jpg	0.000692	0.5414	0.4348	18.0	11.7	0.2649	854	356
nte_00017.jpg	0.055096	0.5051	0.6578	155.5	107.8	0.8774	854	356
nte_00017.jpg	0.001269	0.3086	0.4535	22.7	17.0	0.6836	854	356
nte_00017.jpg	0.000533	0.3648	0.4348	15.2	10.7	0.4905	854	356
nte_00017.jpg	0.003558	0.2451	0.4695	45.0	24.0	0.4492	854	356
nte_00017.jpg	0.000451	0.3275	0.4339	14.7	9.3	0.3569	854	356
nte_00018.jpg	0.062028	0.5074	0.6700	158.8	118.8	0.7490	854	356
nte_00018.jpg	0.002053	0.3070	0.4638	28.4	22.0	0.7031	854	356
nte_00018.jpg	0.000610	0.3869	0.4385	16.3	11.3	0.3296	854	356
nte_00019.jpg	0.058972	0.5070	0.6747	153.1	117.1	0.8286	854	356
nte_00019.jpg	0.010262	0.5746	0.5885	57.4	54.4	0.4858	854	356
nte_00019.jpg	0.000314	0.4438	0.4629	13.0	7.3	0.4709	854	356
nte_00019.jpg	0.003248	0.2738	0.4704	43.5	22.7	0.3921	854	356
nte_00019.jpg	0.000653	0.3969	0.4414	17.5	11.3	0.3511	854	356
nte_00019.jpg	0.000707	0.4469	0.5707	15.3	14.0	0.3374	854	356
nte_00019.jpg	0.000516	0.3395	0.4479	15.2	10.3	0.3276	854	356
nte_00020.jpg	0.057949	0.5063	0.6709	155.8	113.1	0.7251	854	356
nte_00020.jpg	0.013210	0.1277	0.5088	100.3	40.0	0.6880	854	356
nte_00020.jpg	0.000425	0.4449	0.4667	13.3	9.7	0.5752	854	356
nte_00020.jpg	0.000682	0.3766	0.4460	18.8	11.0	0.4216	854	356
nte_00020.jpg	0.000738	0.2971	0.4563	18.7	12.0	0.3374	854	356
nte_00021.jpg	0.053047	0.5039	0.6672	156.5	103.1	0.8521	854	356
nte_00021.jpg	0.003690	0.2564	0.4620	48.0	23.4	0.7568	854	356
nte_00021.jpg	0.000740	0.3613	0.4535	19.8	11.3	0.5894	854	356
nte_00021.jpg	0.000389	0.3770	0.4442	12.7	9.3	0.3459	854	356
nte_00021.jpg	0.000594	0.2934	0.4479	19.3	9.3	0.3000	854	356
nte_00021.jpg	0.000604	0.4547	0.4667	16.7	11.0	0.2615	854	356
nte_00021.jpg	0.000410	0.3896	0.4376	13.3	9.3	0.2605	854	356
nte_00022.jpg	0.059181	0.5043	0.6597	156.8	114.8	0.7417	854	356
nte_00022.jpg	0.018609	0.5605	0.5510	74.1	76.4	0.6450	854	356
nte_00022.jpg	0.001345	0.2211	0.5116	27.9	14.7	0.5630	854	356
nte_00022.jpg	0.003684	0.1038	0.4985	46.0	24.4	0.4172	854	356
nte_00022.jpg	0.000784	0.3227	0.4629	21.0	11.3	0.3347	854	356
nte_00022.jpg	0.000600	0.3766	0.4442	18.8	9.7	0.2725	854	356
nte_00022.jpg	0.000435	0.3508	0.4573	15.8	8.3	0.2676	854	356
nte_00023.jpg	0.053511	0.5020	0.6653	151.5	107.4	0.8506	854	356
nte_00023.jpg	0.001844	0.2609	0.4929	36.5	15.3	0.5264	854	356
nte_00023.jpg	0.000918	0.3734	0.4535	25.4	11.0	0.4375	854	356
nte_00023.jpg	0.001659	0.2223	0.4610	30.9	16.3	0.3760	854	356
nte_00023.jpg	0.000295	0.5469	0.4891	11.7	7.7	0.3032	854	356
nte_00023.jpg	0.000412	0.4898	0.4629	15.0	8.3	0.2888	854	356
nte_00023.jpg	0.000795	0.6148	0.5529	17.7	13.7	0.2568	854	356
nte_00024.jpg	0.053530	0.5016	0.6634	152.5	106.8	0.8560	854	356
nte_00024.jpg	0.001358	0.3211	0.4742	30.2	13.7	0.5513	854	356
nte_00024.jpg	0.003558	0.4543	0.5351	30.0	36.0	0.3843	854	356
nte_00024.jpg	0.000647	0.4945	0.4732	17.3	11.3	0.3782	854	356
nte_00024.jpg	0.001152	0.2406	0.4573	23.9	14.7	0.3425	854	356
nte_00024.jpg	0.000573	0.6395	0.5135	18.0	9.7	0.3215	854	356
nte_00024.jpg	0.000598	0.3512	0.4648	20.2	9.0	0.3115	854	356
nte_00024.jpg	0.000306	0.6063	0.4545	12.7	7.3	0.2527	854	356
nte_00025.jpg	0.054868	0.5000	0.6597	152.5	109.4	0.8613	854	356
nte_00025.jpg	0.002365	0.1758	0.4582	29.9	24.0	0.6558	854	356
nte_00025.jpg	0.003100	0.2223	0.5070	48.7	19.3	0.4922	854	356
nte_00025.jpg	0.000478	0.4234	0.4385	15.0	9.7	0.3884	854	356
nte_00026.jpg	0.054794	0.5016	0.6691	151.8	109.8	0.8477	854	356
nte_00026.jpg	0.000551	0.4039	0.4451	15.7	10.7	0.4724	854	356
nte_00026.jpg	0.001087	0.4934	0.4835	22.0	15.0	0.3765	854	356
nte_00026.jpg	0.002708	0.0278	0.4479	47.5	17.3	0.2908	854	356
nte_00027.jpg	0.052347	0.5004	0.6616	151.5	105.1	0.8750	854	356
nte_00027.jpg	0.000647	0.3732	0.4535	19.0	10.3	0.4482	854	356
nte_00027.jpg	0.000691	0.4977	0.4685	17.0	12.3	0.4434	854	356
nte_00028.jpg	0.055658	0.5008	0.6559	155.1	109.1	0.8677	854	356
nte_00028.jpg	0.001953	0.2898	0.4779	37.9	15.7	0.6069	854	356
nte_00028.jpg	0.000604	0.3912	0.4385	18.3	10.0	0.3196	854	356
nte_00028.jpg	0.000242	0.4719	0.4282	10.0	7.3	0.2632	854	356
nte_00029.jpg	0.056775	0.5000	0.6634	154.5	111.8	0.8203	854	356
nte_00030.jpg	0.054961	0.4996	0.6559	154.1	108.4	0.8716	854	356
nte_00030.jpg	0.000786	0.4914	0.4854	19.3	12.3	0.4368	854	356
nte_00030.jpg	0.000760	0.3314	0.4498	22.4	10.3	0.4253	854	356
nte_00030.jpg	0.000842	0.4617	0.4835	19.7	13.0	0.3777	854	356
nte_00031.jpg	0.052912	0.5004	0.6616	152.1	105.7	0.8813	854	356
nte_00031.jpg	0.001216	0.2766	0.4592	27.0	13.7	0.5381	854	356
nte_00031.jpg	0.000764	0.4586	0.4873	19.3	12.0	0.4680	854	356
nte_00032.jpg	0.055107	0.5016	0.6597	156.5	107.1	0.7666	854	356
nte_00033.jpg	0.057256	0.5039	0.6737	158.1	110.1	0.8340	854	356
nte_00033.jpg	0.002706	0.3305	0.4657	37.4	22.0	0.6499	854	356
nte_00033.jpg	0.000390	0.4047	0.4292	13.2	9.0	0.5073	854	356
nte_00034.jpg	0.060142	0.5039	0.6756	163.1	112.1	0.7983	854	356
nte_00034.jpg	0.000525	0.3922	0.4310	16.5	9.7	0.3982	854	356
nte_00034.jpg	0.001537	0.4969	0.4901	25.0	18.7	0.3777	854	356
nte_00035.jpg	0.060336	0.5023	0.6784	165.1	111.1	0.8267	854	356
nte_00035.jpg	0.000550	0.3711	0.4404	16.2	10.3	0.3826	854	356
nte_00035.jpg	0.001556	0.4977	0.5070	28.4	16.7	0.3621	854	356
nte_00036.jpg	0.065156	0.5051	0.6803	174.1	113.8	0.6777	854	356
nte_00036.jpg	0.000982	0.3449	0.4442	24.2	12.3	0.5522	854	356
nte_00036.jpg	0.000702	0.3961	0.4357	16.8	12.7	0.4331	854	356
nte_00037.jpg	0.070045	0.5012	0.6812	173.5	122.8	0.7915	854	356
nte_00037.jpg	0.001384	0.2885	0.4592	28.0	15.0	0.4663	854	356
nte_00037.jpg	0.000889	0.4395	0.4498	18.0	15.0	0.2791	854	356
nte_00037.jpg	0.000738	0.3596	0.4479	18.7	12.0	0.2769	854	356
nte_00037.jpg	0.001690	0.5023	0.4760	27.0	19.0	0.2690	854	356
nte_00038.jpg	0.070142	0.5016	0.6897	175.1	121.8	0.8291	854	356
nte_00038.jpg	0.007361	0.2096	0.4592	73.7	30.4	0.8120	854	356
nte_00038.jpg	0.002862	0.4508	0.3973	30.7	28.4	0.4268	854	356
nte_00038.jpg	0.001432	0.7844	0.4479	30.4	14.3	0.4180	854	356
nte_00038.jpg	0.003228	0.3074	0.4460	42.0	23.4	0.3696	854	356
nte_00038.jpg	0.000818	0.3316	0.4348	17.3	14.3	0.2566	854	356
nte_00039.jpg	0.078832	0.5027	0.6841	182.8	131.1	0.6313	854	356
nte_00040.jpg	0.080748	0.4992	0.6869	184.0	133.4	0.6855	854	356
nte_00041.jpg	0.086580	0.5023	0.6775	187.0	140.8	0.6484	854	356
nte_00041.jpg	0.000524	0.4148	0.4310	17.7	9.0	0.3030	854	356
nte_00042.jpg	0.095717	0.5039	0.6784	195.2	149.1	0.7217	854	356
nte_00042.jpg	0.000582	0.4031	0.4282	17.7	10.0	0.3601	854	356
nte_00043.jpg	0.094181	0.5023	0.6906	193.3	148.1	0.6729	854	356
nte_00043.jpg	0.000634	0.3836	0.4348	17.5	11.0	0.4514	854	356
nte_00044.jpg	0.097258	0.5027	0.6972	201.0	147.1	0.4663	854	356
nte_00045.jpg	0.000490	0.3801	0.4582	17.2	8.7	0.4097	854	356
nte_00045.jpg	0.002283	0.3313	0.4442	33.0	21.0	0.3108	854	356
nte_00045.jpg	0.102140	0.5047	0.6972	213.5	145.4	0.2778	854	356
nte_00046.jpg	0.006314	0.2641	0.4479	62.5	30.7	0.6953	854	356
nte_00046.jpg	0.088588	0.5012	0.7084	195.5	137.8	0.5791	854	356
nte_00047.jpg	0.084801	0.5109	0.7075	197.2	130.8	0.5767	854	356
nte_00047.jpg	0.004542	0.4977	0.4920	47.0	29.4	0.3660	854	356
nte_00047.jpg	0.000360	0.3994	0.4367	13.7	8.0	0.2546	854	356
nte_00048.jpg	0.083340	0.5074	0.6972	191.3	132.4	0.6025	854	356
nte_00048.jpg	0.000465	0.3754	0.4236	15.7	9.0	0.5439	854	356
nte_00049.jpg	0.096581	0.5070	0.6522	188.5	155.8	0.6221	854	356
nte_00049.jpg	0.000781	0.3494	0.4254	20.3	11.7	0.5542	854	356
nte_00049.jpg	0.000536	0.3980	0.4217	16.8	9.7	0.4612	854	356
nte_00050.jpg	0.091456	0.5055	0.6484	184.8	150.5	0.7974	854	356
nte_00050.jpg	0.001107	0.3070	0.4282	24.0	14.0	0.4871	854	356
nte_00050.jpg	0.001943	0.4750	0.4011	29.0	20.3	0.2817	854	356
nte_00051.jpg	0.089864	0.5008	0.6456	182.8	149.5	0.7642	854	356
nte_00052.jpg	0.075078	0.5035	0.6728	176.8	129.1	0.5205	854	356
nte_00053.jpg	0.064552	0.5031	0.6812	167.1	117.4	0.7012	854	356
nte_00053.jpg	0.001643	0.3750	0.4554	31.9	15.7	0.5918	854	356
nte_00054.jpg	0.066724	0.5023	0.6691	164.8	123.1	0.5850	854	356
nte_00054.jpg	0.005318	0.2986	0.4798	55.7	29.0	0.5405	854	356
nte_00055.jpg	0.059309	0.5031	0.6700	163.8	110.1	0.7163	854	356
nte_00056.jpg	0.062361	0.5023	0.6672	161.5	117.4	0.6123	854	356
nte_00057.jpg	0.055523	0.5016	0.6644	159.1	106.1	0.7031	854	356
nte_00058.jpg	0.057135	0.5016	0.6522	157.8	110.1	0.6108	854	356
nte_00059.jpg	0.071610	0.5023	0.6297	158.8	137.1	0.5947	854	356
nte_00060.jpg	0.068950	0.5027	0.6316	162.8	128.8	0.4858	854	356
nte_00061.jpg	0.067890	0.5039	0.6503	168.1	122.8	0.3921	854	356
nte_00063.jpg	0.079372	0.5039	0.6335	173.5	139.1	0.4609	854	356
nte_00063.jpg	0.000482	0.3307	0.4507	15.7	9.3	0.3271	854	356
nte_00064.jpg	0.059840	0.5000	0.6653	162.8	111.8	0.6250	854	356
nte_00065.jpg	0.063344	0.5047	0.6663	168.8	114.1	0.6265	854	356
nte_00066.jpg	0.062455	0.5031	0.6550	165.5	114.8	0.5986	854	356
nte_00067.jpg	0.056869	0.5027	0.6653	161.5	107.1	0.6597	854	356
nte_00067.jpg	0.000433	0.4672	0.3983	12.3	10.7	0.2778	854	356
nte_00068.jpg	0.058399	0.5039	0.6578	160.8	110.4	0.6143	854	356
nte_00068.jpg	0.000527	0.4633	0.3936	13.3	12.0	0.3713	854	356
nte_00069.jpg	0.059562	0.5039	0.6541	160.1	113.1	0.6338	854	356
nte_00069.jpg	0.000348	0.4602	0.3964	11.3	9.3	0.3364	854	356
nte_00070.jpg	0.056987	0.5047	0.6634	161.8	107.1	0.6504	854	356
nte_00070.jpg	0.000414	0.4578	0.3973	13.0	9.7	0.3350	854	356
nte_00071.jpg	0.058768	0.5043	0.6653	162.8	109.8	0.6675	854	356
nte_00071.jpg	0.000584	0.4574	0.3945	14.0	12.7	0.5420	854	356
nte_00072.jpg	0.059550	0.5031	0.6728	165.5	109.4	0.3782	854	356
nte_00073.jpg	0.062725	0.5043	0.6747	170.1	112.1	0.6528	854	356
nte_00074.jpg	0.062718	0.5031	0.6822	167.1	114.1	0.8540	854	356
nte_00075.jpg	0.062292	0.5051	0.6822	167.5	113.1	0.8296	854	356
nte_00076.jpg	0.061051	0.5043	0.6803	164.1	113.1	0.8311	854	356
nte_00077.jpg	0.062217	0.5039	0.6709	165.8	114.1	0.6665	854	356
nte_00078.jpg	0.061574	0.4977	0.6766	163.1	114.8	0.7900	854	356
nte_00078.jpg	0.001550	0.4250	0.3898	25.7	18.3	0.2727	854	356
nte_00079.jpg	0.060787	0.4961	0.6784	162.5	113.8	0.7925	854	356
nte_00080.jpg	0.062022	0.4906	0.6672	164.8	114.4	0.6943	854	356
nte_00081.jpg	0.060136	0.4938	0.6709	162.6	112.4	0.7388	854	356
nte_00081.jpg	0.000524	0.5211	0.3917	17.7	9.0	0.2881	854	356
nte_00082.jpg	0.058614	0.4855	0.6634	159.5	111.8	0.5312	854	356
nte_00085.jpg	0.070938	0.4871	0.6372	170.1	126.8	0.3313	854	356
nte_00087.jpg	0.064784	0.4906	0.6522	164.5	119.8	0.4932	854	356
nte_00088.jpg	0.063900	0.4875	0.6559	168.8	115.1	0.6685	854	356
nte_00088.jpg	0.002476	0.6055	0.4245	29.7	25.4	0.6670	854	356
nte_00089.jpg	0.065024	0.4883	0.6541	169.8	116.4	0.7451	854	356
nte_00090.jpg	0.061771	0.4902	0.6616	164.1	114.4	0.8140	854	356
nte_00090.jpg	0.002651	0.5363	0.4442	34.0	23.7	0.5850	854	356
nte_00090.jpg	0.002912	0.5918	0.4385	34.0	26.0	0.3279	854	356
nte_00090.jpg	0.000488	0.5352	0.3598	14.3	10.3	0.2778	854	356
nte_00091.jpg	0.065963	0.4910	0.6447	159.5	125.8	0.6577	854	356
nte_00091.jpg	0.005286	0.5449	0.4498	58.0	27.7	0.3535	854	356
nte_00091.jpg	0.000446	0.4996	0.3748	14.0	9.7	0.3496	854	356
nte_00092.jpg	0.075285	0.4906	0.6297	158.5	144.4	0.2581	854	356
nte_00093.jpg	0.071584	0.4891	0.6278	160.3	135.8	0.4990	854	356
nte_00093.jpg	0.000867	0.4609	0.3861	21.4	12.3	0.2900	854	356
nte_00094.jpg	0.062805	0.4883	0.6409	153.5	124.4	0.6738	854	356
nte_00095.jpg	0.001215	0.3979	0.3842	26.4	14.0	0.6846	854	356
nte_00095.jpg	0.069848	0.4910	0.6269	156.8	135.4	0.5977	854	356
nte_00096.jpg	0.002346	0.3492	0.3908	36.9	19.3	0.6982	854	356
nte_00096.jpg	0.071136	0.4914	0.6203	158.1	136.8	0.6108	854	356
nte_00097.jpg	0.069504	0.4926	0.6260	156.8	134.8	0.7432	854	356
nte_00097.jpg	0.003596	0.2977	0.4020	51.2	21.4	0.6982	854	356
nte_00097.jpg	0.000577	0.4773	0.3636	15.0	11.7	0.3584	854	356
nte_00098.jpg	0.067439	0.4941	0.6269	156.8	130.8	0.7759	854	356
nte_00098.jpg	0.011102	0.1109	0.4367	88.0	38.4	0.5107	854	356
nte_00098.jpg	0.000512	0.4848	0.3748	13.3	11.7	0.3999	854	356
nte_00099.jpg	0.061760	0.4961	0.6513	153.8	122.1	0.7241	854	356
nte_00100.jpg	0.000505	0.4652	0.3926	15.3	10.0	0.7173	854	356
nte_00100.jpg	0.061802	0.4961	0.6541	156.5	120.1	0.6792	854	356
nte_00101.jpg	0.068254	0.4961	0.6466	155.1	133.8	0.7090	854	356
nte_00101.jpg	0.000793	0.4508	0.3954	19.0	12.7	0.6533	854	356
nte_00102.jpg	0.062489	0.4969	0.6484	156.5	121.4	0.7480	854	356
nte_00102.jpg	0.001144	0.4273	0.3992	23.7	14.7	0.4587	854	356
nte_00103.jpg	0.063554	0.4953	0.6428	154.5	125.1	0.7090	854	356
nte_00103.jpg	0.002235	0.3898	0.4067	34.5	19.7	0.5581	854	356
nte_00103.jpg	0.000542	0.5633	0.3889	13.0	12.7	0.4343	854	356
nte_00103.jpg	0.000345	0.4187	0.3936	13.7	7.7	0.3552	854	356
nte_00104.jpg	0.009190	0.3035	0.4367	69.2	40.4	0.7700	854	356
nte_00104.jpg	0.059872	0.4953	0.6503	155.5	117.1	0.5840	854	356
nte_00104.jpg	0.000467	0.3938	0.3936	14.7	9.7	0.5522	854	356
nte_00104.jpg	0.000725	0.5664	0.3898	15.0	14.7	0.2905	854	356
nte_00104.jpg	0.000741	0.4812	0.4011	15.3	14.7	0.2632	854	356
nte_00105.jpg	0.038958	0.0887	0.5041	153.0	77.4	0.8154	854	356
nte_00105.jpg	0.000635	0.3723	0.3973	18.7	10.3	0.5264	854	356
nte_00105.jpg	0.069504	0.4949	0.6278	156.8	134.8	0.4827	854	356
nte_00106.jpg	0.000708	0.3301	0.3983	21.5	10.0	0.5981	854	356
nte_00106.jpg	0.068962	0.4938	0.6260	157.1	133.4	0.5508	854	356
nte_00106.jpg	0.001697	0.5727	0.3954	25.4	20.3	0.3621	854	356
nte_00107.jpg	0.063181	0.4957	0.6503	154.8	124.1	0.7227	854	356
nte_00107.jpg	0.001697	0.2803	0.4198	34.4	15.0	0.4612	854	356
nte_00107.jpg	0.000395	0.4605	0.3954	13.3	9.0	0.3000	854	356
nte_00108.jpg	0.003185	0.3145	0.4348	48.4	20.0	0.7129	854	356
nte_00108.jpg	0.064359	0.4926	0.6559	176.1	111.1	0.6865	854	356
nte_00108.jpg	0.012486	0.6531	0.5070	69.4	54.7	0.3347	854	356
nte_00109.jpg	0.101400	0.5563	0.6822	280.9	109.8	0.9038	854	356
nte_00109.jpg	0.003520	0.4992	0.4592	54.4	19.7	0.7007	854	356
nte_00110.jpg	0.106239	0.5719	0.6859	302.6	106.8	0.9072	854	356
nte_00110.jpg	0.002633	0.4230	0.5707	38.7	20.7	0.4275	854	356
nte_00110.jpg	0.004049	0.3590	0.4704	62.5	19.7	0.3662	854	356
nte_00115.jpg	0.109527	0.5750	0.6841	312.9	106.4	0.9053	854	356
nte_00115.jpg	0.008480	0.6656	0.4807	99.1	26.0	0.7148	854	356
nte_00116.jpg	0.113097	0.5738	0.6831	314.2	109.4	0.8945	854	356
nte_00116.jpg	0.009305	0.4156	0.4713	103.4	27.4	0.7090	854	356
nte_00117.jpg	0.111728	0.5750	0.6878	315.2	107.8	0.8950	854	356
nte_00117.jpg	0.002133	0.7590	0.4770	31.4	20.7	0.3022	854	356
nte_00118.jpg	0.112992	0.5750	0.6822	314.9	109.1	0.8960	854	356
nte_00119.jpg	0.112024	0.5762	0.6841	316.1	107.8	0.9048	854	356
nte_00119.jpg	0.007056	0.4594	0.5660	81.4	26.4	0.3838	854	356
nte_00120.jpg	0.168280	0.5961	0.7365	364.3	140.4	0.8813	854	356
nte_00120.jpg	0.005640	0.4484	0.5679	72.4	23.7	0.2788	854	356
nte_00123.jpg	0.145809	0.4805	0.7543	256.5	172.8	0.9053	854	356
nte_00124.jpg	0.138928	0.4906	0.7665	257.9	163.8	0.9209	854	356
nte_00125.jpg	0.140125	0.5039	0.7665	259.0	164.5	0.9277	854	356
nte_00125.jpg	0.001899	0.5836	0.4629	30.4	19.0	0.3098	854	356
nte_00126.jpg	0.140576	0.5047	0.7665	259.9	164.5	0.9243	854	356
nte_00126.jpg	0.001977	0.5805	0.4638	30.0	20.0	0.4980	854	356
nte_00128.jpg	0.109412	0.5664	0.6822	291.6	114.1	0.8965	854	356
nte_00131.jpg	0.056529	0.4922	0.6559	153.8	111.8	0.7485	854	356
nte_00132.jpg	0.057452	0.4961	0.6578	154.5	113.1	0.7617	854	356
nte_00132.jpg	0.014543	0.5359	0.4873	86.1	51.4	0.3770	854	356
nte_00133.jpg	0.067639	0.4961	0.6260	156.5	131.4	0.6870	854	356
nte_00134.jpg	0.067547	0.4984	0.6297	155.5	132.1	0.7036	854	356
nte_00135.jpg	0.065717	0.4973	0.6260	152.8	130.8	0.7710	854	356
nte_00136.jpg	0.065842	0.4980	0.6306	155.5	128.8	0.7793	854	356
nte_00137.jpg	0.067955	0.4992	0.6278	156.8	131.8	0.7280	854	356
nte_00138.jpg	0.067937	0.4988	0.6306	154.8	133.4	0.7695	854	356
nte_00139.jpg	0.067206	0.4988	0.6278	155.5	131.4	0.7607	854	356
nte_00139.jpg	0.000572	0.4980	0.4189	15.3	11.3	0.3318	854	356
nte_00140.jpg	0.069037	0.4988	0.6222	156.1	134.4	0.7070	854	356
nte_00141.jpg	0.068180	0.4984	0.6222	156.1	132.8	0.8286	854	356
nte_00141.jpg	0.001753	0.5215	0.4217	28.0	19.0	0.5742	854	356
nte_00142.jpg	0.069356	0.4992	0.6213	156.5	134.8	0.7563	854	356
nte_00142.jpg	0.002464	0.5219	0.4217	33.0	22.7	0.3530	854	356
nte_00143.jpg	0.072460	0.5000	0.6447	161.5	136.4	0.7388	854	356
nte_00143.jpg	0.002624	0.5164	0.4423	35.7	22.4	0.6348	854	356
nte_00144.jpg	0.070980	0.4988	0.6522	162.1	133.1	0.6021	854	356
nte_00144.jpg	0.000864	0.4820	0.4620	19.7	13.3	0.4128	854	356
nte_00145.jpg	0.001160	0.4797	0.4723	24.0	14.7	0.5200	854	356
nte_00145.jpg	0.001742	0.5168	0.4648	26.0	20.3	0.5117	854	356
nte_00145.jpg	0.072219	0.4984	0.6691	169.6	129.4	0.4395	854	356
nte_00146.jpg	0.001417	0.5141	0.4854	26.4	16.3	0.4753	854	356
nte_00146.jpg	0.072325	0.4980	0.6766	175.3	125.4	0.4102	854	356
nte_00146.jpg	0.000952	0.4703	0.4807	21.7	13.3	0.2866	854	356
nte_00147.jpg	0.071667	0.4992	0.6878	174.6	124.8	0.6865	854	356
nte_00147.jpg	0.002835	0.4992	0.4882	40.4	21.3	0.3635	854	356
nte_00148.jpg	0.082991	0.4984	0.6672	178.8	141.1	0.6685	854	356
nte_00149.jpg	0.093369	0.4965	0.6672	191.6	148.1	0.4373	854	356
nte_00150.jpg	0.091054	0.4949	0.6841	193.0	143.4	0.6123	854	356
nte_00150.jpg	0.000373	0.4230	0.4001	11.3	10.0	0.3987	854	356
nte_00151.jpg	0.000498	0.4188	0.4011	13.3	11.3	0.5405	854	356
nte_00151.jpg	0.094963	0.4953	0.6709	194.5	148.4	0.3647	854	356
nte_00152.jpg	0.099314	0.4961	0.6794	198.5	152.1	0.5220	854	356
nte_00152.jpg	0.000538	0.4133	0.3992	14.0	11.7	0.2808	854	356
nte_00153.jpg	0.092478	0.5000	0.6766	192.0	146.4	0.4651	854	356
nte_00154.jpg	0.099360	0.4988	0.6484	187.5	161.1	0.7754	854	356
nte_00155.jpg	0.083540	0.4969	0.6616	177.5	143.1	0.6870	854	356
nte_00155.jpg	0.001294	0.4223	0.4479	20.7	19.0	0.3496	854	356
nte_00156.jpg	0.079215	0.5000	0.6541	179.1	134.4	0.6851	854	356
nte_00157.jpg	0.073035	0.4984	0.6531	169.8	130.8	0.7769	854	356
nte_00158.jpg	0.070657	0.4984	0.6578	168.1	127.8	0.7173	854	356
nte_00158.jpg	0.014527	0.2121	0.4891	104.2	42.4	0.4299	854	356
nte_00159.jpg	0.068039	0.4984	0.6616	165.8	124.8	0.7148	854	356
nte_00160.jpg	0.064257	0.5008	0.6728	167.8	116.4	0.7217	854	356
nte_00162.jpg	0.065096	0.4988	0.6634	164.8	120.1	0.6475	854	356
nte_00163.jpg	0.059951	0.4949	0.6709	157.5	115.8	0.7925	854	356
nte_00163.jpg	0.000471	0.1970	0.4226	16.5	8.7	0.3325	854	356
nte_00164.jpg	0.060854	0.4977	0.6616	158.5	116.8	0.7295	854	356
nte_00164.jpg	0.000527	0.4242	0.5154	15.0	10.7	0.2683	854	356
nte_00165.jpg	0.059743	0.4992	0.6597	155.1	117.1	0.8330	854	356
nte_00166.jpg	0.061500	0.5016	0.6709	162.5	115.1	0.8218	854	356
nte_00166.jpg	0.005587	0.4703	0.5257	48.0	35.4	0.3037	854	356
nte_00167.jpg	0.060554	0.4980	0.6541	155.5	118.4	0.8193	854	356
nte_00168.jpg	0.062409	0.5070	0.6653	161.1	117.8	0.6143	854	356
nte_00169.jpg	0.061110	0.5031	0.6625	159.1	116.8	0.7891	854	356
nte_00170.jpg	0.056145	0.5004	0.6606	154.1	110.8	0.8203	854	356
nte_00170.jpg	0.000687	0.3020	0.4404	20.2	10.3	0.3896	854	356
nte_00171.jpg	0.053670	0.5031	0.6616	154.8	105.4	0.8730	854	356
nte_00171.jpg	0.000848	0.2855	0.4470	20.3	12.7	0.7393	854	356
nte_00171.jpg	0.000674	0.2199	0.4573	21.2	9.7	0.3711	854	356
nte_00172.jpg	0.060297	0.5066	0.6728	157.5	116.4	0.8306	854	356
nte_00172.jpg	0.001039	0.2840	0.4535	21.5	14.7	0.6987	854	356
nte_00173.jpg	0.056480	0.5102	0.6616	156.5	109.8	0.8643	854	356
nte_00173.jpg	0.001055	0.2875	0.4629	22.4	14.3	0.7012	854	356
nte_00173.jpg	0.000621	0.2039	0.4742	19.5	9.7	0.3152	854	356
nte_00173.jpg	0.001113	0.2566	0.4695	28.2	12.0	0.2908	854	356
nte_00174.jpg	0.054296	0.5133	0.6672	155.1	106.4	0.8716	854	356
nte_00174.jpg	0.002306	0.2648	0.4751	37.5	18.7	0.5659	854	356
nte_00174.jpg	0.000502	0.2076	0.4816	16.9	9.0	0.3533	854	356
nte_00175.jpg	0.054164	0.5121	0.6653	160.8	102.4	0.8843	854	356
nte_00175.jpg	0.006241	0.1901	0.5070	56.9	33.4	0.6992	854	356
nte_00175.jpg	0.001156	0.2441	0.4882	19.5	18.0	0.6411	854	356
nte_00175.jpg	0.000390	0.3664	0.5435	13.2	9.0	0.4260	854	356
nte_00176.jpg	0.055385	0.5102	0.6709	155.8	108.1	0.8462	854	356
nte_00176.jpg	0.001627	0.2816	0.4910	26.0	19.0	0.7817	854	356
nte_00176.jpg	0.030229	0.0816	0.5472	138.4	66.4	0.4807	854	356
nte_00176.jpg	0.000533	0.2535	0.4873	16.2	10.0	0.2925	854	356
nte_00176.jpg	0.001620	0.0843	0.4657	49.2	10.0	0.2920	854	356
nte_00176.jpg	0.000502	0.2428	0.4901	16.3	9.3	0.2600	854	356
nte_00177.jpg	0.052366	0.5027	0.6653	155.5	102.4	0.8198	854	356
nte_00177.jpg	0.002272	0.2922	0.4948	31.9	21.7	0.7676	854	356
nte_00177.jpg	0.000660	0.2189	0.4770	17.7	11.3	0.4368	854	356
nte_00178.jpg	0.055468	0.5008	0.6737	154.1	109.4	0.8447	854	356
nte_00178.jpg	0.008788	0.4344	0.5903	53.0	50.4	0.5391	854	356
nte_00178.jpg	0.000371	0.2449	0.4629	12.5	9.0	0.4875	854	356
nte_00178.jpg	0.003216	0.3063	0.4910	41.9	23.4	0.3750	854	356
nte_00178.jpg	0.000634	0.3328	0.4929	16.5	11.7	0.3689	854	356
nte_00179.jpg	0.051735	0.5023	0.6709	151.1	104.1	0.8647	854	356
nte_00179.jpg	0.001186	0.3393	0.4929	24.0	15.0	0.5981	854	356
nte_00179.jpg	0.002645	0.4227	0.6053	28.4	28.4	0.5254	854	356
nte_00179.jpg	0.000300	0.2852	0.4629	10.5	8.7	0.2825	854	356
nte_00179.jpg	0.000459	0.3213	0.4685	12.7	11.0	0.2773	854	356
nte_00180.jpg	0.052479	0.5078	0.6728	153.8	103.7	0.8560	854	356
nte_00180.jpg	0.000389	0.2648	0.4648	12.7	9.3	0.7866	854	356
nte_00180.jpg	0.002985	0.3090	0.4976	38.9	23.4	0.7378	854	356
nte_00180.jpg	0.000366	0.2891	0.4629	12.3	9.0	0.4148	854	356
nte_00180.jpg	0.000471	0.3607	0.4873	15.3	9.3	0.3157	854	356
nte_00181.jpg	0.050836	0.5066	0.6634	158.1	97.7	0.8560	854	356
nte_00181.jpg	0.009060	0.2324	0.5154	73.7	37.4	0.7754	854	356
nte_00181.jpg	0.001104	0.3043	0.4882	19.3	17.3	0.6870	854	356
nte_00181.jpg	0.000366	0.2811	0.4610	12.3	9.0	0.6753	854	356
nte_00181.jpg	0.000376	0.2535	0.4620	13.2	8.7	0.5767	854	356
nte_00181.jpg	0.000423	0.3426	0.4891	12.8	10.0	0.4038	854	356
nte_00182.jpg	0.054708	0.5020	0.6737	156.8	106.1	0.8203	854	356
nte_00182.jpg	0.000583	0.2680	0.4667	15.2	11.7	0.7441	854	356
nte_00182.jpg	0.001490	0.3041	0.4835	23.0	19.7	0.7188	854	356
nte_00183.jpg	0.052707	0.5027	0.6691	155.5	103.1	0.8057	854	356
nte_00183.jpg	0.000907	0.3170	0.4816	19.7	14.0	0.6479	854	356
nte_00183.jpg	0.000431	0.3375	0.4704	12.7	10.3	0.2729	854	356
nte_00183.jpg	0.000294	0.3031	0.4610	11.2	8.0	0.2695	854	356
nte_00184.jpg	0.060014	0.5082	0.6859	159.5	114.4	0.8203	854	356
nte_00184.jpg	0.000390	0.3762	0.4648	13.2	9.0	0.4546	854	356
nte_00184.jpg	0.002985	0.3168	0.4910	38.9	23.4	0.4038	854	356
nte_00184.jpg	0.000461	0.3391	0.4704	14.0	10.0	0.3562	854	356
nte_00184.jpg	0.001250	0.1896	0.4648	34.5	11.0	0.3315	854	356
nte_00184.jpg	0.000230	0.3574	0.4610	9.5	7.3	0.3047	854	356
nte_00185.jpg	0.055639	0.5078	0.6737	159.5	106.1	0.8325	854	356
nte_00185.jpg	0.000752	0.3195	0.4704	18.5	12.3	0.6011	854	356
nte_00185.jpg	0.000395	0.3617	0.4648	13.3	9.0	0.5195	854	356
nte_00186.jpg	0.055385	0.5047	0.6728	155.8	108.1	0.8633	854	356
nte_00186.jpg	0.000544	0.3604	0.4648	15.0	11.0	0.6040	854	356
nte_00186.jpg	0.000914	0.3078	0.4723	21.3	13.0	0.5488	854	356
nte_00186.jpg	0.000293	0.3283	0.4629	10.7	8.3	0.4910	854	356
nte_00186.jpg	0.000264	0.4156	0.4610	10.0	8.0	0.3025	854	356
nte_00187.jpg	0.059785	0.4996	0.6644	154.8	117.4	0.8291	854	356
nte_00187.jpg	0.000621	0.3914	0.4685	16.2	11.7	0.5010	854	356
nte_00187.jpg	0.001161	0.3242	0.4742	25.2	14.0	0.4456	854	356
nte_00187.jpg	0.000390	0.3613	0.4667	13.2	9.0	0.4358	854	356
nte_00187.jpg	0.000320	0.4430	0.4610	12.7	7.7	0.2505	854	356
nte_00188.jpg	0.055708	0.4984	0.6559	154.8	109.4	0.8311	854	356
nte_00188.jpg	0.000574	0.3465	0.4667	15.8	11.0	0.5044	854	356
nte_00188.jpg	0.000677	0.3713	0.4760	16.7	12.3	0.3728	854	356
nte_00188.jpg	0.002550	0.2725	0.4798	43.0	18.0	0.3496	854	356
nte_00189.jpg	0.055846	0.5000	0.6550	156.1	108.8	0.8394	854	356
nte_00189.jpg	0.000528	0.4141	0.4742	13.0	12.3	0.3049	854	356
nte_00189.jpg	0.000553	0.3207	0.4760	14.0	12.0	0.2795	854	356
nte_00189.jpg	0.001546	0.3367	0.4798	29.4	16.0	0.2656	854	356
nte_00189.jpg	0.001965	0.1584	0.5032	34.4	17.3	0.2527	854	356
nte_00190.jpg	0.056388	0.5012	0.6691	154.8	110.8	0.8223	854	356
nte_00190.jpg	0.007659	0.2582	0.5013	71.2	32.7	0.7271	854	356
nte_00190.jpg	0.000647	0.3242	0.4648	16.8	11.7	0.5884	854	356
nte_00190.jpg	0.000795	0.3924	0.4779	17.7	13.7	0.3914	854	356
nte_00190.jpg	0.000446	0.4441	0.4648	14.0	9.7	0.2786	854	356
nte_00191.jpg	0.052988	0.5109	0.6625	156.8	102.7	0.8408	854	356
nte_00191.jpg	0.000906	0.2938	0.4685	21.2	13.0	0.7666	854	356
nte_00191.jpg	0.003266	0.1973	0.4835	45.8	21.7	0.6855	854	356
nte_00191.jpg	0.000321	0.3918	0.4629	10.8	9.0	0.4116	854	356
nte_00191.jpg	0.000441	0.3883	0.4685	11.2	12.0	0.3032	854	356
nte_00192.jpg	0.057067	0.5133	0.6588	154.8	112.1	0.7827	854	356
nte_00192.jpg	0.001153	0.2566	0.4742	22.9	15.3	0.6865	854	356
nte_00192.jpg	0.000299	0.3844	0.4610	11.8	7.7	0.3699	854	356
nte_00192.jpg	0.003196	0.0197	0.5173	33.5	29.0	0.3162	854	356
nte_00192.jpg	0.000550	0.1746	0.4629	22.8	7.3	0.2546	854	356
nte_00193.jpg	0.058369	0.5133	0.6466	156.5	113.4	0.7803	854	356
nte_00193.jpg	0.000886	0.4398	0.4835	18.3	14.7	0.3735	854	356
nte_00193.jpg	0.002934	0.1949	0.4807	41.8	21.3	0.3521	854	356
nte_00193.jpg	0.000195	0.3805	0.4573	9.3	6.3	0.2563	854	356
nte_00194.jpg	0.053790	0.5063	0.6541	156.1	104.7	0.7632	854	356
nte_00194.jpg	0.008051	0.0801	0.4985	75.6	32.4	0.2576	854	356
nte_00195.jpg	0.061204	0.4984	0.6372	157.1	118.4	0.8052	854	356
nte_00196.jpg	0.062300	0.4965	0.6531	153.5	123.4	0.6855	854	356
nte_00196.jpg	0.006472	0.4133	0.5613	43.4	45.4	0.3560	854	356
nte_00197.jpg	0.052526	0.5000	0.6663	152.5	104.7	0.8057	854	356
nte_00198.jpg	0.051521	0.5023	0.6616	154.5	101.4	0.8569	854	356
nte_00199.jpg	0.051632	0.5055	0.6672	154.8	101.4	0.8247	854	356
nte_00199.jpg	0.001955	0.1582	0.3383	44.5	13.3	0.3132	854	356
nte_00199.jpg	0.002689	0.2082	0.3373	41.5	19.7	0.2732	854	356
nte_00200.jpg	0.055758	0.5031	0.6766	154.5	109.8	0.8477	854	356
nte_00200.jpg	0.001361	0.2887	0.3655	28.2	14.7	0.4102	854	356
nte_00200.jpg	0.001120	0.3188	0.3636	25.5	13.3	0.3647	854	356
nte_00201.jpg	0.055521	0.5004	0.6653	158.1	106.8	0.6880	854	356
nte_00201.jpg	0.003848	0.1926	0.3317	48.7	24.0	0.2900	854	356
nte_00201.jpg	0.004317	0.1302	0.3074	56.2	23.4	0.2808	854	356
nte_00201.jpg	0.001313	0.2816	0.3617	29.2	13.7	0.2756	854	356
nte_00202.jpg	0.053311	0.5000	0.6691	152.8	106.1	0.7700	854	356
nte_00202.jpg	0.007823	0.1129	0.3130	80.1	29.7	0.3127	854	356
nte_00203.jpg	0.052526	0.5000	0.6653	152.5	104.7	0.8521	854	356
nte_00203.jpg	0.005668	0.1873	0.3355	65.4	26.4	0.2710	854	356
nte_00204.jpg	0.056549	0.5023	0.6691	157.1	109.4	0.7744	854	356
nte_00205.jpg	0.063585	0.4949	0.6934	154.1	125.4	0.6304	854	356
nte_00206.jpg	0.053144	0.4969	0.6672	152.8	105.7	0.7925	854	356
nte_00207.jpg	0.064079	0.5031	0.6634	159.1	122.4	0.6484	854	356
nte_00208.jpg	0.064521	0.4977	0.6503	163.8	119.8	0.7573	854	356
nte_00209.jpg	0.058496	0.4977	0.6550	151.5	117.4	0.7900	854	356
nte_00210.jpg	0.059353	0.4914	0.6709	156.8	115.1	0.7080	854	356
nte_00211.jpg	0.054768	0.4980	0.6616	157.5	105.7	0.8159	854	356
nte_00212.jpg	0.059161	0.4980	0.6588	151.5	118.8	0.7939	854	356
nte_00212.jpg	0.001973	0.4082	0.4442	32.7	18.3	0.3689	854	356
nte_00213.jpg	0.054175	0.4945	0.6550	151.5	108.8	0.8076	854	356
nte_00213.jpg	0.002284	0.4008	0.4460	34.7	20.0	0.3423	854	356
nte_00214.jpg	0.060579	0.4953	0.6428	153.8	119.8	0.7983	854	356
nte_00214.jpg	0.002441	0.3936	0.4517	38.4	19.3	0.2837	854	356
nte_00215.jpg	0.062527	0.4969	0.6353	156.1	121.8	0.8218	854	356
nte_00215.jpg	0.003321	0.3557	0.4526	42.0	24.0	0.4487	854	356
nte_00216.jpg	0.061670	0.5004	0.6475	156.1	120.1	0.7988	854	356
nte_00217.jpg	0.057796	0.4992	0.6550	153.1	114.8	0.7158	854	356
nte_00218.jpg	0.052680	0.4977	0.6634	151.5	105.7	0.8247	854	356
nte_00219.jpg	0.053492	0.4945	0.6634	153.8	105.7	0.8135	854	356
nte_00220.jpg	0.054818	0.4887	0.6663	156.1	106.7	0.8306	854	356
nte_00221.jpg	0.049718	0.4934	0.6578	154.1	98.1	0.8604	854	356
nte_00222.jpg	0.052424	0.4906	0.6616	155.1	102.7	0.6968	854	356
nte_00223.jpg	0.050057	0.4934	0.6606	154.1	98.7	0.7764	854	356
nte_00224.jpg	0.053216	0.4977	0.6700	154.5	104.7	0.7476	854	356
nte_00225.jpg	0.058850	0.4949	0.6747	154.1	116.1	0.7744	854	356
nte_00226.jpg	0.054689	0.4941	0.6644	154.8	107.4	0.6304	854	356
nte_00227.jpg	0.048535	0.4922	0.6522	154.1	95.7	0.7686	854	356
nte_00228.jpg	0.060598	0.4961	0.6606	157.8	116.8	0.4905	854	356
nte_00229.jpg	0.049456	0.4941	0.6578	152.8	98.4	0.7090	854	356
nte_00230.jpg	0.046809	0.4883	0.6550	153.5	92.7	0.5913	854	356
nte_00231.jpg	0.047819	0.4898	0.6522	153.5	94.7	0.8198	854	356
nte_00232.jpg	0.052665	0.4934	0.6484	159.5	100.4	0.5566	854	356
nte_00233.jpg	0.051240	0.4949	0.6409	154.1	101.1	0.7715	854	356
nte_00234.jpg	0.058132	0.4953	0.6588	153.1	115.4	0.7124	854	356
nte_00234.jpg	0.000535	0.4164	0.4189	14.3	11.3	0.2881	854	356
nte_00234.jpg	0.000739	0.3992	0.4779	16.8	13.3	0.2644	854	356
nte_00235.jpg	0.049564	0.4953	0.6559	153.1	98.4	0.6807	854	356
nte_00235.jpg	0.000913	0.3779	0.4816	19.3	14.3	0.4456	854	356
nte_00235.jpg	0.000377	0.4059	0.4067	11.8	9.7	0.2642	854	356
nte_00236.jpg	0.056601	0.5008	0.6728	156.8	109.8	0.8076	854	356
nte_00236.jpg	0.000431	0.3988	0.4029	12.7	10.3	0.2942	854	356
nte_00236.jpg	0.000672	0.3582	0.4629	18.0	11.3	0.2747	854	356
nte_00237.jpg	0.049522	0.5004	0.6634	151.5	99.4	0.8457	854	356
nte_00237.jpg	0.000538	0.3914	0.3992	14.8	11.0	0.4453	854	356
nte_00237.jpg	0.000942	0.3242	0.5098	24.5	11.7	0.3313	854	356
nte_00237.jpg	0.000410	0.4461	0.4048	11.7	10.7	0.2703	854	356
nte_00238.jpg	0.051684	0.5023	0.6541	155.5	101.1	0.7671	854	356
nte_00238.jpg	0.002575	0.2977	0.4835	35.0	22.4	0.4746	854	356
nte_00238.jpg	0.000577	0.3889	0.3954	15.0	11.7	0.3428	854	356
nte_00239.jpg	0.050020	0.5039	0.6672	150.5	101.1	0.7920	854	356
nte_00239.jpg	0.000511	0.4680	0.4610	15.0	10.3	0.3459	854	356
nte_00239.jpg	0.002900	0.2201	0.5098	39.4	22.4	0.3386	854	356
nte_00239.jpg	0.000550	0.3828	0.3917	15.2	11.0	0.3176	854	356
nte_00240.jpg	0.051569	0.5016	0.6653	151.1	103.7	0.7378	854	356
nte_00240.jpg	0.000622	0.3703	0.3748	17.2	11.0	0.3596	854	356
nte_00241.jpg	0.056679	0.5078	0.6559	155.1	111.1	0.6196	854	356
nte_00242.jpg	0.064484	0.5133	0.6466	162.8	120.4	0.6748	854	356
nte_00244.jpg	0.005226	0.3117	0.4029	57.4	27.7	0.7822	854	356
nte_00245.jpg	0.009493	0.2863	0.4320	75.9	38.0	0.8193	854	356
nte_00245.jpg	0.067110	0.5063	0.6709	171.8	118.8	0.3765	854	356
nte_00246.jpg	0.022452	0.0953	0.5847	123.3	55.4	0.6597	854	356
nte_00246.jpg	0.071072	0.5047	0.6316	156.5	138.1	0.4316	854	356
nte_00246.jpg	0.003544	0.0201	0.5819	34.4	31.4	0.3386	854	356
nte_00247.jpg	0.086457	0.4926	0.6381	162.1	162.1	0.7061	854	356
nte_00247.jpg	0.000941	0.6195	0.2315	17.7	16.2	0.4807	854	356
nte_00248.jpg	0.064479	0.4988	0.6409	151.5	129.4	0.5840	854	356
nte_00251.jpg	0.061689	0.4953	0.6484	154.5	121.4	0.6606	854	356
nte_00252.jpg	0.063861	0.4934	0.6428	154.8	125.4	0.4507	854	356
nte_00254.jpg	0.058149	0.4930	0.6531	156.8	112.8	0.4812	854	356
nte_00255.jpg	0.063462	0.4953	0.6541	158.5	121.8	0.3499	854	356
nte_00256.jpg	0.059360	0.5035	0.6578	155.5	116.1	0.7710	854	356
nte_00257.jpg	0.057836	0.4957	0.6541	154.1	114.1	0.7612	854	356
nte_00258.jpg	0.000771	0.6695	0.3411	14.3	16.3	0.5190	854	356
nte_00259.jpg	0.058804	0.4879	0.6531	157.6	113.4	0.6304	854	356
nte_00260.jpg	0.000892	0.6402	0.3392	15.3	17.7	0.3296	854	356
nte_00261.jpg	0.000757	0.6082	0.3373	14.7	15.7	0.5811	854	356
nte_00262.jpg	0.000895	0.5906	0.3308	15.7	17.3	0.3792	854	356
nte_00263.jpg	0.001045	0.5594	0.3373	18.7	17.0	0.2754	854	356
nte_00265.jpg	0.002325	0.4945	0.3561	29.0	24.4	0.7188	854	356
nte_00265.jpg	0.000693	0.5102	0.3355	14.3	14.7	0.4253	854	356
nte_00265.jpg	0.000906	0.5633	0.3767	18.3	15.0	0.3779	854	356
nte_00266.jpg	0.003745	0.4676	0.3711	36.7	31.0	0.7490	854	356
nte_00266.jpg	0.001288	0.4969	0.3589	18.3	21.3	0.5015	854	356
nte_00266.jpg	0.001435	0.5570	0.3917	23.4	18.7	0.2983	854	356
nte_00267.jpg	0.009074	0.4062	0.3983	61.7	44.7	0.8330	854	356
nte_00267.jpg	0.001486	0.4773	0.3486	19.3	23.4	0.4197	854	356
nte_00267.jpg	0.093114	0.4918	0.5997	175.0	161.8	0.3833	854	356
nte_00268.jpg	0.044060	0.2381	0.4835	155.0	86.4	0.8911	854	356
nte_00268.jpg	0.001790	0.4492	0.3486	24.4	22.4	0.6826	854	356
nte_00268.jpg	0.089850	0.4918	0.6147	175.0	156.1	0.5200	854	356
nte_00269.jpg	0.091144	0.4883	0.6128	166.1	166.8	0.7920	854	356
nte_00269.jpg	0.003551	0.4164	0.3636	33.4	32.4	0.7173	854	356
nte_00270.jpg	0.084496	0.5000	0.6044	162.5	158.1	0.8179	854	356
nte_00270.jpg	0.007979	0.3660	0.3926	57.7	42.0	0.8140	854	356
nte_00271.jpg	0.080231	0.5012	0.6072	162.1	150.5	0.8687	854	356
nte_00271.jpg	0.023931	0.2863	0.4414	112.4	64.7	0.8525	854	356
nte_00272.jpg	0.062429	0.0799	0.5903	136.4	139.1	0.8179	854	356
nte_00272.jpg	0.076509	0.4938	0.6166	160.3	145.1	0.6548	854	356
nte_00273.jpg	0.066838	0.4938	0.6447	155.8	130.4	0.7012	854	356
nte_00274.jpg	0.068100	0.4953	0.6522	157.1	131.8	0.6289	854	356
nte_00275.jpg	0.079793	0.5008	0.6128	159.1	152.5	0.7471	854	356
nte_00276.jpg	0.072871	0.5035	0.6306	158.1	140.1	0.7822	854	356
nte_00276.jpg	0.000500	0.3566	0.3711	15.2	10.0	0.2783	854	356
nte_00277.jpg	0.080432	0.5078	0.6138	161.5	151.5	0.6816	854	356
nte_00278.jpg	0.077935	0.5070	0.6166	161.8	146.4	0.7070	854	356
nte_00278.jpg	0.000408	0.4125	0.3486	12.0	10.3	0.3958	854	356
nte_00279.jpg	0.077431	0.5008	0.6297	156.1	150.8	0.8076	854	356
nte_00279.jpg	0.000445	0.4266	0.3570	12.7	10.7	0.4138	854	356
nte_00280.jpg	0.083769	0.5023	0.6091	163.1	156.1	0.8447	854	356
nte_00280.jpg	0.000623	0.4328	0.3617	15.3	12.3	0.6387	854	356
nte_00281.jpg	0.079952	0.4977	0.6053	159.8	152.1	0.8521	854	356
nte_00281.jpg	0.000933	0.4313	0.3748	17.3	16.3	0.4275	854	356
nte_00282.jpg	0.077523	0.4953	0.6194	159.1	148.1	0.7241	854	356
nte_00282.jpg	0.001502	0.4187	0.3748	24.0	19.0	0.7129	854	356
nte_00283.jpg	0.077469	0.5000	0.6185	160.5	146.8	0.7725	854	356
nte_00283.jpg	0.003045	0.3949	0.3908	34.7	26.7	0.7671	854	356
nte_00283.jpg	0.001253	0.4203	0.3673	19.3	19.7	0.5522	854	356
nte_00284.jpg	0.008239	0.3461	0.4245	61.5	40.7	0.7866	854	356
nte_00284.jpg	0.071987	0.5051	0.6297	162.8	134.4	0.7817	854	356
nte_00284.jpg	0.001314	0.4105	0.3720	22.2	18.0	0.4453	854	356
nte_00285.jpg	0.032041	0.2291	0.5154	142.4	68.4	0.8662	854	356
nte_00285.jpg	0.077881	0.5008	0.6297	162.8	145.4	0.8018	854	356
nte_00285.jpg	0.001640	0.4148	0.3823	26.7	18.7	0.6797	854	356
nte_00286.jpg	0.003336	0.4113	0.4048	37.5	27.0	0.7651	854	356
nte_00286.jpg	0.081815	0.4902	0.6072	165.0	150.8	0.7520	854	356
nte_00287.jpg	0.013072	0.3129	0.4638	83.9	47.4	0.8052	854	356
nte_00287.jpg	0.072564	0.5000	0.6241	160.1	137.8	0.8032	854	356
nte_00288.jpg	0.073442	0.5059	0.6241	160.1	139.4	0.8325	854	356
nte_00288.jpg	0.253169	0.1543	0.4104	263.5	292.1	0.6855	854	356
nte_00289.jpg	0.073091	0.5047	0.6222	160.1	138.8	0.7021	854	356
nte_00290.jpg	0.077980	0.4984	0.6185	164.1	144.4	0.6230	854	356
nte_00290.jpg	0.000320	0.4227	0.3636	12.7	7.7	0.3984	854	356
nte_00291.jpg	0.000334	0.4559	0.3673	12.7	8.0	0.3938	854	356
nte_00291.jpg	0.069550	0.4906	0.6550	156.1	135.4	0.2913	854	356
nte_00292.jpg	0.085776	0.4910	0.6072	157.3	165.8	0.6689	854	356
nte_00292.jpg	0.000352	0.4539	0.3730	12.3	8.7	0.4512	854	356
nte_00293.jpg	0.084139	0.5016	0.6035	162.5	157.5	0.6104	854	356
nte_00293.jpg	0.000803	0.4398	0.3879	17.0	14.3	0.4407	854	356
nte_00294.jpg	0.064423	0.5023	0.6522	164.5	119.1	0.6030	854	356
nte_00294.jpg	0.000870	0.4277	0.3842	19.3	13.7	0.3125	854	356
nte_00295.jpg	0.001590	0.4164	0.3917	26.4	18.3	0.7881	854	356
nte_00295.jpg	0.062185	0.5023	0.6569	163.8	115.4	0.6504	854	356
nte_00296.jpg	0.003914	0.4031	0.4104	40.5	29.4	0.7998	854	356
nte_00296.jpg	0.062111	0.5063	0.6559	163.1	115.8	0.5752	854	356
nte_00297.jpg	0.021214	0.3006	0.4985	111.8	57.7	0.8457	854	356
nte_00297.jpg	0.065153	0.5055	0.6691	161.8	122.4	0.7939	854	356
nte_00297.jpg	0.000734	0.4180	0.3739	19.7	11.3	0.2705	854	356
nte_00298.jpg	0.067499	0.5070	0.6466	161.5	127.1	0.5859	854	356
nte_00299.jpg	0.060772	0.5086	0.6644	156.5	118.1	0.5176	854	356
nte_00299.jpg	0.000717	0.4383	0.3851	16.3	13.3	0.3145	854	356
nte_00301.jpg	0.001111	0.6066	0.3954	27.4	12.3	0.3108	854	356
nte_00301.jpg	0.066654	0.5125	0.6559	153.8	131.8	0.2952	854	356
nte_00302.jpg	0.061049	0.5086	0.6541	154.1	120.4	0.6465	854	356
nte_00302.jpg	0.000664	0.6516	0.4029	16.3	12.3	0.4436	854	356
nte_00302.jpg	0.000871	0.6297	0.3936	22.7	11.7	0.4070	854	356
nte_00302.jpg	0.000339	0.6781	0.4029	12.3	8.3	0.3911	854	356
nte_00302.jpg	0.000495	0.4586	0.3954	13.7	11.0	0.3083	854	356
nte_00303.jpg	0.060558	0.5027	0.6503	156.8	117.4	0.6802	854	356
nte_00303.jpg	0.003218	0.6625	0.3992	49.7	19.7	0.6343	854	356
nte_00303.jpg	0.000765	0.7094	0.4057	18.3	12.7	0.5518	854	356
nte_00303.jpg	0.000286	0.4652	0.3973	10.0	8.7	0.4136	854	356
nte_00303.jpg	0.001497	0.6836	0.4123	29.0	15.7	0.3220	854	356
nte_00304.jpg	0.068216	0.5039	0.6269	157.8	131.4	0.4526	854	356
nte_00304.jpg	0.000284	0.4664	0.4011	10.3	8.3	0.4453	854	356
nte_00305.jpg	0.000372	0.4695	0.4011	11.7	9.7	0.6455	854	356
nte_00305.jpg	0.067666	0.5012	0.6278	158.1	130.1	0.3547	854	356
nte_00306.jpg	0.000485	0.4688	0.4048	13.0	11.3	0.7007	854	356
nte_00306.jpg	0.069627	0.4977	0.6297	157.5	134.4	0.6729	854	356
nte_00307.jpg	0.068269	0.4977	0.6297	159.1	130.4	0.3386	854	356
nte_00307.jpg	0.000724	0.4660	0.4142	15.3	14.3	0.3137	854	356
nte_00308.jpg	0.062986	0.4996	0.6466	160.8	119.1	0.6152	854	356
nte_00308.jpg	0.000977	0.4609	0.4245	19.3	15.3	0.4915	854	356
nte_00308.jpg	0.004082	0.2105	0.4610	51.0	24.4	0.3179	854	356
nte_00309.jpg	0.061271	0.4969	0.6475	160.5	116.1	0.7485	854	356
nte_00309.jpg	0.001630	0.4539	0.4329	24.4	20.3	0.7344	854	356
nte_00309.jpg	0.000507	0.4348	0.4217	14.0	11.0	0.2542	854	356
nte_00310.jpg	0.002782	0.4402	0.4451	33.4	25.4	0.7466	854	356
nte_00310.jpg	0.069577	0.4965	0.6306	160.1	132.1	0.7388	854	356
nte_00310.jpg	0.003750	0.2244	0.4742	60.0	19.0	0.3606	854	356
nte_00311.jpg	0.014847	0.3691	0.5135	80.1	56.4	0.7617	854	356
nte_00311.jpg	0.063338	0.4980	0.6372	159.5	120.8	0.5845	854	356
nte_00311.jpg	0.003397	0.4297	0.4339	53.4	19.3	0.2666	854	356
nte_00312.jpg	0.073990	0.5055	0.6063	159.8	140.8	0.4136	854	356
nte_00312.jpg	0.133128	0.1473	0.7703	251.2	161.1	0.3552	854	356
nte_00313.jpg	0.077472	0.5078	0.6185	166.1	141.8	0.7769	854	356
nte_00314.jpg	0.068272	0.5047	0.6297	157.1	132.1	0.4199	854	356
nte_00315.jpg	0.073572	0.5031	0.6316	153.8	145.4	0.7871	854	356
nte_00318.jpg	0.072835	0.5004	0.6447	155.5	142.4	0.7402	854	356
nte_00319.jpg	0.071203	0.5031	0.6222	157.1	137.8	0.6426	854	356
nte_00320.jpg	0.073773	0.5043	0.6241	157.5	142.4	0.6704	854	356
nte_00321.jpg	0.063252	0.4992	0.6644	160.1	120.1	0.7021	854	356
nte_00322.jpg	0.074556	0.5059	0.6241	166.1	136.4	0.3589	854	356
nte_00323.jpg	0.068100	0.5000	0.6147	157.1	131.8	0.6333	854	356
nte_00324.jpg	0.066867	0.5012	0.6522	160.8	126.4	0.3423	854	356
nte_00325.jpg	0.063120	0.5016	0.6700	159.8	120.1	0.7788	854	356
nte_00326.jpg	0.063676	0.4969	0.6353	158.1	122.4	0.3872	854	356
nte_00327.jpg	0.062233	0.4992	0.6428	154.1	122.8	0.3716	854	356
nte_00328.jpg	0.058048	0.4984	0.6625	153.8	114.8	0.8140	854	356
nte_00330.jpg	0.058130	0.5047	0.6466	154.5	114.4	0.2871	854	356
nte_00331.jpg	0.060539	0.5035	0.6653	159.5	115.4	0.7563	854	356
nte_00332.jpg	0.058005	0.5004	0.6653	154.1	114.4	0.7583	854	356
nte_00333.jpg	0.059872	0.5035	0.6447	155.5	117.1	0.8135	854	356
nte_00334.jpg	0.055740	0.5027	0.6494	156.8	108.1	0.7695	854	356
nte_00335.jpg	0.059664	0.5074	0.6653	159.5	113.8	0.8672	854	356
nte_00335.jpg	0.000712	0.3389	0.4011	18.0	12.0	0.4407	854	356
nte_00335.jpg	0.000572	0.3211	0.3992	15.3	11.3	0.4309	854	356
nte_00336.jpg	0.060151	0.5094	0.6691	164.1	111.4	0.8193	854	356
nte_00336.jpg	0.000531	0.3117	0.4029	14.7	11.0	0.3362	854	356
nte_00337.jpg	0.056045	0.5109	0.6597	161.1	105.7	0.7964	854	356
nte_00338.jpg	0.057655	0.5148	0.6653	157.8	111.1	0.8857	854	356
nte_00338.jpg	0.002723	0.3445	0.4273	28.5	29.0	0.6660	854	356
nte_00339.jpg	0.057135	0.5125	0.6681	157.8	110.1	0.8647	854	356
nte_00339.jpg	0.007860	0.3043	0.4788	58.7	40.7	0.7563	854	356
nte_00339.jpg	0.002429	0.3338	0.4142	26.4	28.0	0.5801	854	356
nte_00340.jpg	0.108134	0.1465	0.6475	248.9	132.1	0.8657	854	356
nte_00340.jpg	0.054423	0.5059	0.6616	157.5	105.1	0.8052	854	356
nte_00340.jpg	0.005764	0.3594	0.4339	42.4	41.4	0.7856	854	356
nte_00341.jpg	0.024267	0.2906	0.4685	96.6	76.4	0.8906	854	356
nte_00341.jpg	0.056085	0.5133	0.6644	156.8	108.8	0.8633	854	356
nte_00341.jpg	0.002121	0.3637	0.4517	28.9	22.4	0.7344	854	356
nte_00342.jpg	0.055727	0.5164	0.6672	155.8	108.8	0.8613	854	356
nte_00342.jpg	0.009518	0.3285	0.4835	65.2	44.4	0.7915	854	356
nte_00342.jpg	0.144844	0.0973	0.6110	166.5	264.5	0.7896	854	356
nte_00343.jpg	0.112485	0.2096	0.6541	237.9	143.8	0.8774	854	356
nte_00343.jpg	0.054943	0.5180	0.6644	158.5	105.4	0.8101	854	356
nte_00344.jpg	0.054124	0.5125	0.6691	162.8	101.1	0.5562	854	356
nte_00345.jpg	0.057585	0.5012	0.6766	152.1	115.1	0.8926	854	356
nte_00347.jpg	0.054072	0.4984	0.6578	155.5	105.7	0.7510	854	356
nte_00348.jpg	0.057114	0.5063	0.6634	154.5	112.4	0.8296	854	356
nte_00349.jpg	0.053902	0.5105	0.6616	155.5	105.4	0.8774	854	356
nte_00350.jpg	0.053588	0.5070	0.6522	160.1	101.7	0.8540	854	356
nte_00351.jpg	0.054359	0.5102	0.6531	155.8	106.1	0.8462	854	356
nte_00352.jpg	0.054350	0.5090	0.6663	154.8	106.7	0.8662	854	356
nte_00352.jpg	0.015855	0.4574	0.5566	79.4	60.7	0.2839	854	356
nte_00353.jpg	0.061548	0.5063	0.6559	157.1	119.1	0.8008	854	356
nte_00354.jpg	0.055450	0.5102	0.6597	156.5	107.8	0.8560	854	356
nte_00355.jpg	0.058496	0.5129	0.6747	151.5	117.4	0.8828	854	356
nte_00356.jpg	0.055778	0.5113	0.6597	155.5	109.1	0.8159	854	356
nte_00357.jpg	0.054243	0.5129	0.6691	155.5	106.1	0.6729	854	356
nte_00358.jpg	0.055385	0.5148	0.6728	155.8	108.1	0.8735	854	356
nte_00359.jpg	0.049042	0.5102	0.6616	154.1	96.7	0.8706	854	356
nte_00359.jpg	0.000597	0.3723	0.5360	16.0	11.3	0.2739	854	356
nte_00360.jpg	0.049093	0.5148	0.6597	159.8	93.4	0.8657	854	356
nte_00360.jpg	0.000723	0.3754	0.5416	17.3	12.7	0.7368	854	356
nte_00361.jpg	0.046793	0.5141	0.6616	159.1	89.4	0.8442	854	356
nte_00361.jpg	0.000926	0.3684	0.5397	19.2	14.7	0.5923	854	356
nte_00361.jpg	0.000295	0.4422	0.4882	10.3	8.7	0.3015	854	356
nte_00362.jpg	0.044825	0.5133	0.6569	157.1	86.7	0.8296	854	356
nte_00362.jpg	0.000359	0.4563	0.4873	11.7	9.3	0.2937	854	356
nte_00362.jpg	0.001586	0.3633	0.5510	25.4	19.0	0.2910	854	356
nte_00363.jpg	0.049760	0.5125	0.6625	163.1	92.7	0.8193	854	356
nte_00363.jpg	0.003221	0.3488	0.5482	36.7	26.7	0.7378	854	356
nte_00363.jpg	0.000923	0.3785	0.5285	20.5	13.7	0.5293	854	356
nte_00363.jpg	0.000465	0.4688	0.4798	13.7	10.3	0.4019	854	356
nte_00364.jpg	0.012340	0.3129	0.5604	77.6	48.4	0.8481	854	356
nte_00364.jpg	0.002170	0.3742	0.5116	29.5	22.4	0.6689	854	356
nte_00364.jpg	0.055667	0.5109	0.6466	163.1	103.7	0.4353	854	356
nte_00365.jpg	0.052732	0.5074	0.6578	163.5	98.1	0.8413	854	356
nte_00365.jpg	0.003983	0.3723	0.5041	39.0	31.0	0.7422	854	356
nte_00365.jpg	0.138033	0.1380	0.7403	236.0	177.8	0.6694	854	356
nte_00365.jpg	0.288495	0.1485	0.4816	254.0	345.3	0.2969	854	356
nte_00365.jpg	0.000641	0.5023	0.4404	16.7	11.7	0.2888	854	356
nte_00366.jpg	0.010750	0.3344	0.5154	64.9	50.4	0.8198	854	356
nte_00366.jpg	0.050565	0.5109	0.6578	159.5	96.4	0.7437	854	356
nte_00366.jpg	0.001771	0.3855	0.5060	27.4	19.7	0.2651	854	356
nte_00367.jpg	0.162619	0.1427	0.6316	243.4	203.2	0.9185	854	356
nte_00367.jpg	0.004347	0.3594	0.5266	45.5	29.0	0.7783	854	356
nte_00367.jpg	0.053786	0.5074	0.6606	158.1	103.4	0.6626	854	356
nte_00368.jpg	0.025666	0.2701	0.5903	123.8	63.0	0.8423	854	356
nte_00368.jpg	0.052398	0.5078	0.6531	158.1	100.7	0.7104	854	356
nte_00370.jpg	0.056512	0.4906	0.6531	162.0	106.1	0.4827	854	356
nte_00371.jpg	0.007838	0.8836	0.4254	70.7	33.7	0.5693	854	356
nte_00371.jpg	0.064280	0.4930	0.6222	159.6	122.4	0.5571	854	356
nte_00372.jpg	0.066689	0.5004	0.6241	157.5	128.8	0.6641	854	356
nte_00373.jpg	0.062532	0.5000	0.6766	152.8	124.4	0.3699	854	356
nte_00374.jpg	0.058048	0.4992	0.6503	153.8	114.8	0.4358	854	356
nte_00375.jpg	0.059487	0.4883	0.6484	155.8	116.1	0.6719	854	356
nte_00375.jpg	0.001806	0.6250	0.3936	35.0	15.7	0.3853	854	356
nte_00376.jpg	0.062104	0.4859	0.6391	160.8	117.4	0.6777	854	356
nte_00376.jpg	0.001997	0.8914	0.3898	41.4	14.7	0.2878	854	356
nte_00376.jpg	0.002203	0.9422	0.3898	39.4	17.0	0.2554	854	356
nte_00377.jpg	0.065871	0.4953	0.6222	155.1	129.1	0.6982	854	356
nte_00378.jpg	0.053814	0.4996	0.6597	152.8	107.1	0.7358	854	356
nte_00379.jpg	0.055214	0.5000	0.6634	155.8	107.8	0.7598	854	356
nte_00380.jpg	0.057014	0.5000	0.6700	157.5	110.1	0.6655	854	356
nte_00381.jpg	0.052311	0.5031	0.6644	154.8	102.7	0.7700	854	356
nte_00382.jpg	0.052976	0.4996	0.6559	152.8	105.4	0.6729	854	356
nte_00383.jpg	0.050797	0.5004	0.6597	152.8	101.1	0.7271	854	356
nte_00384.jpg	0.060539	0.4953	0.6428	159.5	115.4	0.5293	854	356
nte_00384.jpg	0.000295	0.4797	0.4207	10.3	8.7	0.2710	854	356
nte_00385.jpg	0.069717	0.4941	0.6260	165.5	128.1	0.3220	854	356
nte_00385.jpg	0.000386	0.4770	0.4198	11.3	10.3	0.2522	854	356
nte_00386.jpg	0.066063	0.4941	0.6297	160.1	125.4	0.5498	854	356
nte_00387.jpg	0.074200	0.5047	0.6409	167.8	134.4	0.4143	854	356
nte_00387.jpg	0.001208	0.4609	0.4479	20.0	18.3	0.3833	854	356
nte_00388.jpg	0.080459	0.5031	0.6541	170.1	143.8	0.5103	854	356
nte_00388.jpg	0.000787	0.4527	0.4535	16.7	14.3	0.4436	854	356
nte_00388.jpg	0.000369	0.4652	0.4198	12.0	9.3	0.4399	854	356
nte_00389.jpg	0.080871	0.5031	0.6409	171.8	143.1	0.7466	854	356
nte_00389.jpg	0.000866	0.4414	0.4442	18.3	14.3	0.7344	854	356
nte_00389.jpg	0.000445	0.4609	0.4264	12.7	10.7	0.5884	854	356
nte_00390.jpg	0.001762	0.4219	0.4545	27.7	19.3	0.7964	854	356
nte_00390.jpg	0.086028	0.5031	0.6784	184.5	141.8	0.7637	854	356
nte_00390.jpg	0.000495	0.4539	0.4273	13.7	11.0	0.6899	854	356
nte_00390.jpg	0.010682	0.8797	0.5079	85.4	38.0	0.4785	854	356
nte_00391.jpg	0.004793	0.3828	0.4760	48.5	30.0	0.8423	854	356
nte_00391.jpg	0.081627	0.5004	0.6747	186.0	133.4	0.8267	854	356
nte_00391.jpg	0.000527	0.4457	0.4367	16.0	10.0	0.5459	854	356
nte_00392.jpg	0.080236	0.5012	0.6822	188.0	129.8	0.8589	854	356
nte_00392.jpg	0.028288	0.2562	0.5379	134.3	64.1	0.8257	854	356
nte_00392.jpg	0.001153	0.4352	0.4367	21.0	16.7	0.7129	854	356
nte_00393.jpg	0.085016	0.5023	0.6859	184.5	140.1	0.8325	854	356
nte_00393.jpg	0.002058	0.4180	0.4385	25.7	24.4	0.7964	854	356
nte_00394.jpg	0.005546	0.3766	0.4517	45.5	37.0	0.7437	854	356
nte_00394.jpg	0.070742	0.4992	0.6916	171.5	125.4	0.7119	854	356
nte_00394.jpg	0.000647	0.4187	0.4339	17.3	11.3	0.3804	854	356
nte_00395.jpg	0.027988	0.2760	0.4704	110.4	77.1	0.9038	854	356
nte_00395.jpg	0.001713	0.3980	0.4310	24.0	21.7	0.6870	854	356
nte_00395.jpg	0.062718	0.4992	0.6681	167.1	114.1	0.5737	854	356
nte_00396.jpg	0.003518	0.3637	0.4385	36.0	29.7	0.8174	854	356
nte_00396.jpg	0.066122	0.5008	0.6784	168.8	119.1	0.7466	854	356
nte_00397.jpg	0.013836	0.2918	0.4460	70.1	60.0	0.7944	854	356
nte_00398.jpg	0.069755	0.1133	0.5482	193.8	109.4	0.9336	854	356
nte_00398.jpg	0.058464	0.5063	0.6663	161.5	110.1	0.5068	854	356
nte_00400.jpg	0.061271	0.5148	0.6597	160.5	116.1	0.3540	854	356
nte_00401.jpg	0.060124	0.5160	0.6775	157.5	116.1	0.8247	854	356
nte_00402.jpg	0.058046	0.5074	0.6672	160.8	109.8	0.5503	854	356
nte_00403.jpg	0.057629	0.5047	0.6672	160.1	109.4	0.8462	854	356
nte_00404.jpg	0.057977	0.5098	0.6728	156.8	112.4	0.8569	854	356
nte_00405.jpg	0.053652	0.5055	0.6559	159.8	102.1	0.8911	854	356
nte_00406.jpg	0.052644	0.5098	0.6653	156.8	102.1	0.8945	854	356
nte_00406.jpg	0.000586	0.3553	0.4779	16.7	10.7	0.3704	854	356
nte_00407.jpg	0.055922	0.5148	0.6672	161.8	105.1	0.8813	854	356
nte_00407.jpg	0.000412	0.3604	0.4742	15.0	8.3	0.4062	854	356
nte_00408.jpg	0.054996	0.5172	0.6672	163.8	102.1	0.8662	854	356
nte_00408.jpg	0.000586	0.3664	0.4751	16.7	10.7	0.6040	854	356
nte_00409.jpg	0.054126	0.5133	0.6663	159.1	103.4	0.8813	854	356
nte_00409.jpg	0.000550	0.3898	0.4760	15.2	11.0	0.5903	854	356
nte_00410.jpg	0.057066	0.5102	0.6766	157.1	110.4	0.8076	854	356
nte_00410.jpg	0.000735	0.4133	0.4835	16.3	13.7	0.6133	854	356
nte_00411.jpg	0.053676	0.5059	0.6719	156.8	104.1	0.8101	854	356
nte_00411.jpg	0.001220	0.4258	0.4798	22.7	16.3	0.6440	854	356
nte_00412.jpg	0.052816	0.5074	0.6691	156.8	102.4	0.7651	854	356
nte_00412.jpg	0.001987	0.4273	0.4854	29.7	20.3	0.6963	854	356
nte_00413.jpg	0.003372	0.4102	0.5004	37.0	27.7	0.7793	854	356
nte_00413.jpg	0.057102	0.5070	0.6616	160.1	108.4	0.6597	854	356
nte_00413.jpg	0.000659	0.4398	0.4779	15.0	13.3	0.5718	854	356
nte_00414.jpg	0.011756	0.3766	0.5360	73.9	48.4	0.8179	854	356
nte_00414.jpg	0.052177	0.5047	0.6559	157.5	100.7	0.7607	854	356
nte_00414.jpg	0.001153	0.4398	0.4845	21.0	16.7	0.3337	854	356
nte_00415.jpg	0.056869	0.5063	0.6484	161.5	107.1	0.8062	854	356
nte_00415.jpg	0.002635	0.4266	0.4966	33.4	24.0	0.7344	854	356
nte_00415.jpg	0.139900	0.1422	0.7534	242.9	175.1	0.6040	854	356
nte_00416.jpg	0.007801	0.3973	0.5248	56.9	41.7	0.8218	854	356
nte_00416.jpg	0.060085	0.5070	0.6400	156.5	116.8	0.7139	854	356
nte_00416.jpg	0.001529	0.4340	0.4920	24.0	19.3	0.3733	854	356
nte_00416.jpg	0.000677	0.4410	0.4648	16.7	12.3	0.2803	854	356
nte_00417.jpg	0.060214	0.5039	0.6363	160.5	114.1	0.8462	854	356
nte_00417.jpg	0.002126	0.4344	0.4938	29.4	22.0	0.7686	854	356
nte_00417.jpg	0.174662	0.1691	0.7403	288.9	183.8	0.6968	854	356
nte_00417.jpg	0.000672	0.4523	0.4638	18.0	11.3	0.4155	854	356
nte_00418.jpg	0.054529	0.5023	0.6559	159.8	103.7	0.8311	854	356
nte_00418.jpg	0.006602	0.4086	0.5201	55.7	36.0	0.8271	854	356
nte_00418.jpg	0.000480	0.4695	0.4629	13.7	10.7	0.2776	854	356
nte_00419.jpg	0.053386	0.5039	0.6541	157.5	103.1	0.8198	854	356
nte_00419.jpg	0.000435	0.4777	0.4648	12.0	11.0	0.3938	854	356
nte_00419.jpg	0.001069	0.4320	0.4760	24.4	13.3	0.2983	854	356
nte_00420.jpg	0.058278	0.5016	0.6522	160.5	110.4	0.6875	854	356
nte_00421.jpg	0.056926	0.5008	0.6466	162.1	106.8	0.6846	854	356
nte_00421.jpg	0.000501	0.5074	0.4788	12.0	12.7	0.3254	854	356
nte_00422.jpg	0.061222	0.5004	0.6297	160.8	115.8	0.7632	854	356
nte_00423.jpg	0.059164	0.5039	0.6428	158.1	113.8	0.6636	854	356
nte_00424.jpg	0.059658	0.5023	0.6541	155.8	116.4	0.7222	854	356
nte_00424.jpg	0.000646	0.4148	0.4845	16.3	12.0	0.3501	854	356
nte_00424.jpg	0.001753	0.6145	0.4376	38.0	14.0	0.2512	854	356
nte_00425.jpg	0.058278	0.5031	0.6559	160.5	110.4	0.7573	854	356
nte_00425.jpg	0.008399	0.4305	0.5397	49.7	51.4	0.4119	854	356
nte_00425.jpg	0.000678	0.4055	0.4826	18.2	11.3	0.2686	854	356
nte_00426.jpg	0.067174	0.5008	0.6578	164.1	124.4	0.7866	854	356
nte_00426.jpg	0.009479	0.4227	0.5323	57.2	50.4	0.5332	854	356
nte_00427.jpg	0.063023	0.5023	0.6353	161.8	118.4	0.8442	854	356
nte_00428.jpg	0.065360	0.5031	0.6372	165.5	120.1	0.7769	854	356
nte_00429.jpg	0.058493	0.5035	0.6466	156.8	113.4	0.8008	854	356
nte_00430.jpg	0.058173	0.4980	0.6766	152.8	115.8	0.8662	854	356
nte_00431.jpg	0.058804	0.5016	0.6634	155.8	114.8	0.8330	854	356
nte_00432.jpg	0.056107	0.5070	0.6653	159.8	106.8	0.8770	854	356
nte_00433.jpg	0.058369	0.5141	0.6663	156.5	113.4	0.8828	854	356
nte_00434.jpg	0.055931	0.5141	0.6616	159.8	106.4	0.8184	854	356
nte_00435.jpg	0.053715	0.5137	0.6653	159.5	102.4	0.8833	854	356
nte_00436.jpg	0.064211	0.5152	0.6869	163.5	119.4	0.4663	854	356
nte_00437.jpg	0.056025	0.5141	0.6653	163.1	104.4	0.6699	854	356
nte_00437.jpg	0.000852	0.3664	0.4029	22.2	11.7	0.4324	854	356
nte_00438.jpg	0.060303	0.5148	0.6653	174.5	105.1	0.6802	854	356
nte_00438.jpg	0.000414	0.3668	0.4610	14.5	8.7	0.4922	854	356
nte_00439.jpg	0.063123	0.5148	0.6634	181.5	105.7	0.7197	854	356
nte_00439.jpg	0.000380	0.3828	0.4629	13.8	8.3	0.3445	854	356
nte_00440.jpg	0.060287	0.5094	0.6634	183.1	100.1	0.7261	854	356
nte_00440.jpg	0.000477	0.3984	0.4676	15.5	9.3	0.3772	854	356
nte_00441.jpg	0.061186	0.5074	0.6766	174.8	106.4	0.8745	854	356
nte_00441.jpg	0.000461	0.4102	0.4723	14.0	10.0	0.3279	854	356
nte_00442.jpg	0.053190	0.5090	0.6709	159.5	101.4	0.8521	854	356
nte_00442.jpg	0.000439	0.4207	0.4723	16.0	8.3	0.2891	854	356
nte_00443.jpg	0.048065	0.5109	0.6634	154.8	94.4	0.8735	854	356
nte_00443.jpg	0.000348	0.4176	0.4723	12.7	8.3	0.3975	854	356
nte_00444.jpg	0.048822	0.5129	0.6634	156.1	95.1	0.8721	854	356
nte_00444.jpg	0.000679	0.4145	0.4742	19.3	10.7	0.5537	854	356
nte_00445.jpg	0.001565	0.4109	0.4704	31.7	15.0	0.5786	854	356
nte_00445.jpg	0.057142	0.5133	0.6728	155.5	111.8	0.5161	854	356
nte_00446.jpg	0.003161	0.4031	0.4723	42.4	22.7	0.7476	854	356
nte_00446.jpg	0.059055	0.5055	0.6484	156.5	114.8	0.6758	854	356
nte_00446.jpg	0.000750	0.5312	0.4367	21.4	10.7	0.4570	854	356
nte_00447.jpg	0.006450	0.3813	0.4873	59.4	33.0	0.8164	854	356
nte_00447.jpg	0.070707	0.5055	0.6316	169.1	127.1	0.6108	854	356
nte_00447.jpg	0.000784	0.5375	0.4348	21.0	11.3	0.3169	854	356
nte_00447.jpg	0.000370	0.5789	0.4339	15.3	7.3	0.2979	854	356
nte_00448.jpg	0.050407	0.2219	0.5697	195.5	78.4	0.8218	854	356
nte_00448.jpg	0.063639	0.4898	0.6597	162.5	119.1	0.4146	854	356
nte_00448.jpg	0.001256	0.5367	0.4329	29.4	13.0	0.3450	854	356
nte_00448.jpg	0.000306	0.5953	0.4339	12.7	7.3	0.2849	854	356
nte_00449.jpg	0.001546	0.5176	0.4376	32.0	14.7	0.4875	854	356
nte_00449.jpg	0.055859	0.4852	0.6550	157.1	108.1	0.3284	854	356
nte_00449.jpg	0.000971	0.6387	0.4779	17.3	17.0	0.3105	854	356
nte_00449.jpg	0.000277	0.5914	0.4348	12.0	7.0	0.2834	854	356
nte_00450.jpg	0.057665	0.4949	0.6466	151.5	115.8	0.7852	854	356
nte_00450.jpg	0.000357	0.5102	0.4236	13.0	8.3	0.3623	854	356
nte_00450.jpg	0.000339	0.5266	0.4217	12.3	8.3	0.3184	854	356
nte_00451.jpg	0.062808	0.4945	0.6344	158.1	120.8	0.6992	854	356
nte_00451.jpg	0.000467	0.5070	0.4310	14.7	9.7	0.5161	854	356
nte_00451.jpg	0.002828	0.3988	0.4254	50.5	17.0	0.4802	854	356
nte_00451.jpg	0.000324	0.5281	0.4264	11.3	8.7	0.3826	854	356
nte_00451.jpg	0.000362	0.5207	0.4273	12.7	8.7	0.2771	854	356
nte_00452.jpg	0.054689	0.4914	0.6597	154.8	107.4	0.8408	854	356
nte_00452.jpg	0.001291	0.4828	0.4507	21.0	18.7	0.4587	854	356
nte_00452.jpg	0.000510	0.5406	0.4592	16.0	9.7	0.2710	854	356
nte_00452.jpg	0.000535	0.5109	0.4357	14.3	11.3	0.2698	854	356
nte_00453.jpg	0.054682	0.4902	0.6616	154.3	107.8	0.8447	854	356
nte_00453.jpg	0.003711	0.4242	0.4582	45.7	24.7	0.5615	854	356
nte_00453.jpg	0.015163	0.0869	0.4629	138.2	33.4	0.3928	854	356
nte_00453.jpg	0.000598	0.4750	0.4404	14.3	12.7	0.2729	854	356
nte_00454.jpg	0.056218	0.4934	0.6597	154.8	110.4	0.8770	854	356
nte_00454.jpg	0.014230	0.3266	0.4873	103.7	41.7	0.8120	854	356
nte_00454.jpg	0.002615	0.4164	0.4545	31.4	25.4	0.5498	854	356
nte_00454.jpg	0.000984	0.4461	0.4545	18.7	16.0	0.4019	854	356
nte_00454.jpg	0.017204	0.4359	0.5810	78.4	66.7	0.4004	854	356
nte_00454.jpg	0.001230	0.4922	0.4807	26.7	14.0	0.2715	854	356
nte_00455.jpg	0.054357	0.4941	0.6569	150.1	110.1	0.8506	854	356
nte_00455.jpg	0.045967	0.1176	0.5707	199.5	70.1	0.8101	854	356
nte_00455.jpg	0.006697	0.3508	0.4807	53.5	38.0	0.7163	854	356
nte_00455.jpg	0.000446	0.5172	0.4517	14.0	9.7	0.4375	854	356
nte_00455.jpg	0.003123	0.1992	0.5079	52.7	18.0	0.3901	854	356
nte_00455.jpg	0.000568	0.4484	0.4891	15.7	11.0	0.3650	854	356
nte_00455.jpg	0.002338	0.3988	0.4985	29.2	24.4	0.3408	854	356
nte_00455.jpg	0.001944	0.4082	0.4685	30.0	19.7	0.2881	854	356
nte_00455.jpg	0.000527	0.5023	0.4798	13.3	12.0	0.2700	854	356
nte_00456.jpg	0.069893	0.1291	0.5969	221.2	96.1	0.8936	854	356
nte_00456.jpg	0.056204	0.4984	0.6606	157.1	108.8	0.8555	854	356
nte_00456.jpg	0.008662	0.3324	0.4966	68.1	38.7	0.7817	854	356
nte_00456.jpg	0.000992	0.4289	0.5041	21.0	14.3	0.5083	854	356
nte_00456.jpg	0.000435	0.5145	0.4535	14.7	9.0	0.3198	854	356
nte_00456.jpg	0.000389	0.4523	0.5098	12.7	9.3	0.2900	854	356
nte_00457.jpg	0.054659	0.0870	0.6672	148.7	111.8	0.8394	854	356
nte_00457.jpg	0.054147	0.4984	0.6709	150.5	109.4	0.8389	854	356
nte_00457.jpg	0.002027	0.3914	0.5435	34.9	17.7	0.3848	854	356
nte_00457.jpg	0.000602	0.4313	0.5379	15.7	11.7	0.3267	854	356
nte_00457.jpg	0.001094	0.4570	0.5397	20.3	16.3	0.3247	854	356
nte_00457.jpg	0.000227	0.5102	0.4582	10.3	6.7	0.2744	854	356
nte_00458.jpg	0.050846	0.4992	0.6709	150.5	102.7	0.8232	854	356
nte_00458.jpg	0.006985	0.3367	0.5632	61.2	34.7	0.8154	854	356
nte_00458.jpg	0.000336	0.5145	0.4573	11.3	9.0	0.4275	854	356
nte_00458.jpg	0.006887	0.4383	0.5829	56.0	37.4	0.4143	854	356
nte_00458.jpg	0.003250	0.5727	0.5969	37.0	26.7	0.2690	854	356
nte_00459.jpg	0.044623	0.1298	0.5941	201.3	67.4	0.8027	854	356
nte_00459.jpg	0.002742	0.3713	0.5491	35.7	23.4	0.6831	854	356
nte_00459.jpg	0.050843	0.4945	0.6691	154.5	100.1	0.6191	854	356
nte_00459.jpg	0.000382	0.5148	0.4498	12.0	9.7	0.3191	854	356
nte_00460.jpg	0.012557	0.2746	0.5547	85.4	44.7	0.8462	854	356
nte_00460.jpg	0.045700	0.4957	0.6466	151.5	91.7	0.7041	854	356
nte_00460.jpg	0.001697	0.4699	0.5023	25.4	20.3	0.5645	854	356
nte_00460.jpg	0.000346	0.5055	0.4517	11.7	9.0	0.3867	854	356
nte_00460.jpg	0.000564	0.4406	0.4592	14.7	11.7	0.3401	854	356
nte_00461.jpg	0.066838	0.4977	0.6203	155.8	130.4	0.8174	854	356
nte_00461.jpg	0.000369	0.4988	0.4282	12.0	9.3	0.3784	854	356
nte_00461.jpg	0.000544	0.2816	0.4535	19.8	8.3	0.3452	854	356
nte_00461.jpg	0.002790	0.4453	0.4863	34.4	24.7	0.3340	854	356
nte_00461.jpg	0.000295	0.5156	0.4310	10.3	8.7	0.2847	854	356
nte_00462.jpg	0.069840	0.4969	0.6053	159.1	133.4	0.8271	854	356
nte_00462.jpg	0.000640	0.4930	0.4161	15.3	12.7	0.4692	854	356
nte_00463.jpg	0.181426	0.1212	0.6175	207.3	266.0	0.8423	854	356
nte_00463.jpg	0.000805	0.4660	0.3983	16.7	14.7	0.6553	854	356
nte_00463.jpg	0.072025	0.4953	0.6203	157.8	138.8	0.6167	854	356
nte_00463.jpg	0.000411	0.4879	0.4067	11.3	11.0	0.3076	854	356
nte_00463.jpg	0.000480	0.4820	0.4029	13.7	10.7	0.2832	854	356
nte_00464.jpg	0.001265	0.4480	0.4048	21.4	18.0	0.7158	854	356
nte_00464.jpg	0.070938	0.4992	0.6241	158.5	136.1	0.4719	854	356
nte_00465.jpg	0.001630	0.4289	0.4086	24.4	20.3	0.7065	854	356
nte_00465.jpg	0.068730	0.5031	0.6278	159.8	130.8	0.6489	854	356
nte_00465.jpg	0.000769	0.4621	0.4217	16.7	14.0	0.3594	854	356
nte_00466.jpg	0.063624	0.4887	0.6335	155.5	124.4	0.8052	854	356
nte_00466.jpg	0.003887	0.3824	0.4207	39.4	30.0	0.7651	854	356
nte_00466.jpg	0.001507	0.4297	0.4376	23.7	19.3	0.6274	854	356
nte_00467.jpg	0.014374	0.2842	0.4545	85.1	51.4	0.8247	854	356
nte_00467.jpg	0.062842	0.4988	0.6550	154.8	123.4	0.7900	854	356
nte_00467.jpg	0.003583	0.3684	0.4667	43.5	25.0	0.4600	854	356
nte_00467.jpg	0.000698	0.4469	0.4676	17.7	12.0	0.2969	854	356
nte_00468.jpg	0.055249	0.5000	0.6578	152.1	110.4	0.8716	854	356
nte_00468.jpg	0.017116	0.2541	0.5210	118.2	44.0	0.7651	854	356
nte_00468.jpg	0.000527	0.4750	0.4845	16.0	10.0	0.5488	854	356
nte_00468.jpg	0.000809	0.4289	0.4816	21.7	11.3	0.5430	854	356
nte_00468.jpg	0.000390	0.4492	0.4807	13.7	8.7	0.2971	854	356
nte_00469.jpg	0.056517	0.5023	0.6616	160.5	107.1	0.7515	854	356
nte_00469.jpg	0.000730	0.4641	0.4948	19.0	11.7	0.5566	854	356
nte_00469.jpg	0.001058	0.4109	0.4948	28.4	11.3	0.3560	854	356
nte_00470.jpg	0.056458	0.4949	0.6672	160.8	106.8	0.8159	854	356
nte_00470.jpg	0.001054	0.4516	0.4957	24.0	13.3	0.7368	854	356
nte_00470.jpg	0.001627	0.3893	0.4966	33.7	14.7	0.3872	854	356
nte_00471.jpg	0.050319	0.4965	0.6447	155.5	98.4	0.8291	854	356
nte_00471.jpg	0.002894	0.3441	0.5023	44.7	19.7	0.8081	854	356
nte_00471.jpg	0.002050	0.4211	0.5041	33.4	18.7	0.7847	854	356
nte_00472.jpg	0.004815	0.3648	0.5154	55.5	26.4	0.8535	854	356
nte_00472.jpg	0.006658	0.2664	0.5107	70.6	28.7	0.8291	854	356
nte_00472.jpg	0.051573	0.5008	0.6672	155.1	101.1	0.8057	854	356
nte_00473.jpg	0.023198	0.2215	0.5510	135.5	52.0	0.8447	854	356
nte_00473.jpg	0.053079	0.5008	0.6588	159.1	101.4	0.6899	854	356
nte_00474.jpg	0.053046	0.5000	0.6541	154.5	104.4	0.7607	854	356
nte_00475.jpg	0.048598	0.4930	0.6550	153.8	96.1	0.7944	854	356
nte_00475.jpg	0.000542	0.5992	0.4863	13.0	12.7	0.2546	854	356
nte_00476.jpg	0.049907	0.4934	0.6541	152.1	99.7	0.7842	854	356
nte_00477.jpg	0.062071	0.4914	0.6297	158.5	119.1	0.7676	854	356
nte_00478.jpg	0.000604	0.5426	0.4161	16.7	11.0	0.3914	854	356
nte_00478.jpg	0.058445	0.4906	0.6503	157.1	113.1	0.2637	854	356
nte_00479.jpg	0.054077	0.4918	0.6578	157.5	104.4	0.7002	854	356
nte_00479.jpg	0.000556	0.5426	0.4161	15.3	11.0	0.4834	854	356
nte_00480.jpg	0.054020	0.4926	0.6559	156.8	104.7	0.7676	854	356
nte_00480.jpg	0.000785	0.5406	0.4161	18.3	13.0	0.5654	854	356
nte_00481.jpg	0.059416	0.4918	0.6428	157.0	115.1	0.6792	854	356
nte_00481.jpg	0.000718	0.5414	0.4161	17.7	12.3	0.5396	854	356
nte_00482.jpg	0.058755	0.4918	0.6503	158.0	113.1	0.6719	854	356
nte_00482.jpg	0.000795	0.5320	0.4161	17.7	13.7	0.6533	854	356
nte_00483.jpg	0.064990	0.4891	0.6335	158.8	124.4	0.6909	854	356
nte_00483.jpg	0.000993	0.5219	0.4132	19.7	15.3	0.6514	854	356
nte_00484.jpg	0.059530	0.4941	0.6466	155.5	116.4	0.7612	854	356
nte_00484.jpg	0.001218	0.5000	0.4179	21.4	17.3	0.7378	854	356
nte_00485.jpg	0.001697	0.4801	0.4236	25.4	20.3	0.7520	854	356
nte_00485.jpg	0.070847	0.5012	0.6316	163.5	131.8	0.5347	854	356
nte_00486.jpg	0.066906	0.5000	0.6344	158.8	128.1	0.8267	854	356
nte_00486.jpg	0.003129	0.4633	0.4348	34.4	27.7	0.7363	854	356
nte_00486.jpg	0.001973	0.5281	0.4498	36.7	16.3	0.2769	854	356
nte_00487.jpg	0.005342	0.4430	0.4573	46.4	35.0	0.7949	854	356
nte_00487.jpg	0.056751	0.4992	0.6494	152.1	113.4	0.7544	854	356
nte_00487.jpg	0.004367	0.5266	0.4742	41.0	32.4	0.5312	854	356
nte_00488.jpg	0.014247	0.3852	0.5041	83.2	52.0	0.8535	854	356
nte_00488.jpg	0.069184	0.4977	0.6203	156.5	134.4	0.7954	854	356
nte_00489.jpg	0.063321	0.4984	0.6428	149.1	129.1	0.7476	854	356
nte_00490.jpg	0.061878	0.4996	0.6438	150.8	124.8	0.8184	854	356
nte_00491.jpg	0.060490	0.5000	0.6428	151.5	121.4	0.8115	854	356
nte_00492.jpg	0.062501	0.4922	0.6372	153.1	124.1	0.7915	854	356
nte_00492.jpg	0.000505	0.3871	0.4132	15.3	10.0	0.3135	854	356
nte_00493.jpg	0.071683	0.5066	0.6447	171.5	127.1	0.6196	854	356
nte_00493.jpg	0.000510	0.3438	0.4067	14.5	10.7	0.2620	854	356
nte_00494.jpg	0.060332	0.4992	0.6522	158.5	115.8	0.7710	854	356
nte_00495.jpg	0.057964	0.4945	0.6484	153.1	115.1	0.7632	854	356
nte_00496.jpg	0.060815	0.4961	0.6438	157.5	117.4	0.7334	854	356
nte_00496.jpg	0.001089	0.4340	0.4601	20.7	16.0	0.2844	854	356
nte_00496.jpg	0.002337	0.5180	0.4816	37.4	19.0	0.2517	854	356
nte_00497.jpg	0.057730	0.4977	0.6578	156.1	112.4	0.7573	854	356
nte_00498.jpg	0.064233	0.5172	0.6644	178.5	109.4	0.6455	854	356
nte_00499.jpg	0.059869	0.5027	0.6466	156.8	116.1	0.7139	854	356
nte_00500.jpg	0.065279	0.5004	0.6306	160.8	123.4	0.8374	854	356
