t_sec,frame,steer,throttle,brake
0.0106,0,0.0000,0.0000,0.0000
0.0414,1,0.0000,0.0000,0.0000
0.0747,2,0.0000,0.0000,0.0000
0.1414,3,0.0000,0.0000,0.0000
0.1747,4,0.0000,0.0000,0.0000
0.2081,5,0.0000,0.0000,0.0000
0.2414,6,0.0000,0.0000,0.0000
0.2747,7,0.0000,0.0000,0.0000
0.3081,8,0.0000,0.0000,0.0000
0.3414,9,0.0000,0.0000,0.0000
0.3748,10,0.0000,0.0000,0.0000
0.4081,11,0.0000,0.0000,0.0000
0.4414,12,0.0000,0.0000,0.0000
0.4747,13,0.0000,0.0000,0.0000
0.5414,14,0.0000,0.0000,0.0000
0.5748,15,0.0000,0.0000,0.0000
0.6081,16,0.0000,0.0000,0.0000
0.6415,17,0.0000,0.0000,0.0000
0.6748,18,0.0000,0.0000,0.0000
0.7081,19,0.0000,0.0000,0.0000
0.7748,20,0.0000,0.0000,0.0000
0.8082,21,0.0000,0.0000,0.0000
0.8414,22,0.0000,0.0000,0.0000
